node,degree,clustering,avg_neighbor_degree,ego_edges,anomaly_score,decision_function
249,168,0.2548375319459657,83.625,3791,1,-0.00024266515107063125
882,2,1.0,262.0,5,1,-0.0025955469404698173
5,171,0.10700197238658778,57.046783625730995,1840,1,-0.00726004963571425
13,180,0.11089951120421507,58.111111111111114,2082,1,-0.012805849869987451
434,185,0.20110490602293882,76.41621621621621,3685,1,-0.02131136525967592
86,218,0.12058570198105081,61.821100917431195,3194,1,-0.052512605438006066
62,216,0.15203369751217585,68.41203703703704,3856,1,-0.05654943755420416
107,221,0.1700389594068116,70.77828054298642,4462,1,-0.0651324610742785
82,233,0.1660831921701487,69.78111587982832,4828,1,-0.08140389165503115
121,234,0.17289894014031945,70.74358974358974,5056,1,-0.08155770592530598
160,347,0.09351196494775868,56.731988472622476,6177,1,-0.12597169347817694
352,28,0.39384615384615385,66.67857142857143,179,-1,0.2672478890475603
275,36,0.35650623885918004,66.86111111111111,263,-1,0.26681568238807085
102,23,0.40476190476190477,61.69565217391305,128,-1,0.2667966939598817
563,21,0.38011695906432746,69.66666666666667,100,-1,0.26674366347092193
602,26,0.42028985507246375,61.76923076923077,159,-1,0.2664008397673027
349,24,0.36363636363636365,66.91666666666667,127,-1,0.2663196659165208
323,36,0.3511586452762923,66.16666666666667,261,-1,0.2658893533013883
433,25,0.4268774703557312,61.64,149,-1,0.26546463756064526
457,29,0.37037037037037035,71.79310344827586,181,-1,0.2654334689671736
671,30,0.3816091954022989,74.46666666666667,220,-1,0.2653034703066053
198,38,0.4031746031746032,70.71052631578948,323,-1,0.2652085676692986
496,25,0.391304347826087,70.24,140,-1,0.2649761466585497
156,23,0.3715415019762846,71.1304347826087,138,-1,0.26493204299284256
562,32,0.36551724137931035,73.75,214,-1,0.264855551104928
900,27,0.43333333333333335,70.55555555555556,178,-1,0.2646853721662878
197,37,0.42521008403361343,76.91891891891892,319,-1,0.2646342780898011
679,20,0.42483660130718953,66.5,97,-1,0.26462920725055983
248,26,0.3630769230769231,59.61538461538461,160,-1,0.2646261674677567
360,30,0.34656084656084657,63.96666666666667,182,-1,0.2645230506950939
277,23,0.4857142857142857,67.17391304347827,142,-1,0.2642448490276573
217,24,0.358695652173913,74.0,139,-1,0.2641559458730899
22,15,0.38461538461538464,62.333333333333336,54,-1,0.26406627996697246
130,37,0.34285714285714286,77.67567567567568,270,-1,0.26387473919193427
822,22,0.33157894736842103,61.54545454545455,100,-1,0.263852242963146
470,26,0.35144927536231885,58.26923076923077,143,-1,0.2636883556432067
294,25,0.42292490118577075,74.96,152,-1,0.2635863659509586
681,24,0.43722943722943725,76.25,145,-1,0.263408050738176
274,23,0.4743083003952569,65.8695652173913,166,-1,0.2633777837264815
268,37,0.32882882882882886,77.45945945945945,287,-1,0.263314807701328
403,20,0.43137254901960786,67.55,98,-1,0.2632768332512372
485,30,0.4470899470899471,66.93333333333334,224,-1,0.26305956967529603
508,34,0.41889483065953653,75.91176470588235,295,-1,0.26298039618336
123,36,0.36541889483065954,81.80555555555556,272,-1,0.2629487259832838
91,31,0.43103448275862066,71.03225806451613,234,-1,0.26279424808826396
311,36,0.3396825396825397,65.02777777777777,274,-1,0.26254464839882424
328,21,0.4327485380116959,56.714285714285715,110,-1,0.2624414141997688
649,12,0.4,63.666666666666664,37,-1,0.26237390569589036
149,30,0.32275132275132273,64.23333333333333,175,-1,0.262313668010195
336,37,0.4235294117647059,80.05405405405405,322,-1,0.26227105640208764
980,12,0.4,66.75,38,-1,0.262233424348548
593,42,0.3681765389082462,63.76190476190476,396,-1,0.26222365506034784
588,24,0.48917748917748916,60.833333333333336,155,-1,0.2621165174729423
347,26,0.322463768115942,69.88461538461539,137,-1,0.26191034431359517
262,28,0.32,64.53571428571429,153,-1,0.2618485415639057
497,17,0.3382352941176471,64.58823529411765,76,-1,0.26182301855357204
754,28,0.3968253968253968,57.32142857142857,200,-1,0.2618085750548616
325,29,0.358974358974359,81.03448275862068,177,-1,0.26167963367525526
317,24,0.4384057971014493,57.041666666666664,164,-1,0.2616627848421726
607,33,0.3465909090909091,81.57575757575758,243,-1,0.26164117494145245
139,40,0.37980085348506404,66.2,339,-1,0.2616268550778019
257,19,0.4502923976608187,65.6842105263158,115,-1,0.2614844179204598
892,23,0.3952380952380952,80.08695652173913,123,-1,0.26130931542699476
235,24,0.47101449275362317,67.04166666666667,177,-1,0.2612512623826126
73,31,0.3694581280788177,56.41935483870968,198,-1,0.26124441995491715
345,28,0.4553846153846154,73.14285714285714,199,-1,0.2612257576467517
545,25,0.49,66.32,195,-1,0.261151919272831
297,19,0.4678362573099415,60.36842105263158,114,-1,0.2610904645654985
585,13,0.38181818181818183,59.46153846153846,41,-1,0.261064242270271
291,29,0.4444444444444444,77.82758620689656,206,-1,0.26104652176648674
200,36,0.43493761140819964,61.52777777777778,310,-1,0.261038080591939
956,15,0.4857142857142857,64.66666666666667,78,-1,0.2610285394912247
244,28,0.4553846153846154,72.78571428571429,197,-1,0.26101959695221166
667,30,0.36091954022988504,82.16666666666667,211,-1,0.2609934749911504
872,13,0.3333333333333333,65.61538461538461,51,-1,0.26044382078200445
75,22,0.3368421052631579,56.09090909090909,103,-1,0.26042465600029874
140,41,0.3940620782726046,65.3170731707317,366,-1,0.2603936593435547
148,20,0.33986928104575165,66.2,88,-1,0.2603624679424866
88,33,0.4236559139784946,80.27272727272727,255,-1,0.25995611163670257
324,19,0.3333333333333333,62.73684210526316,89,-1,0.25992684318199183
643,13,0.3333333333333333,66.0,49,-1,0.2598897908190875
505,13,0.46153846153846156,63.30769230769231,60,-1,0.2598527780551783
448,41,0.38866396761133604,63.292682926829265,363,-1,0.2597909860779592
528,12,0.4444444444444444,65.33333333333333,41,-1,0.25967943710445496
125,29,0.47863247863247865,71.55172413793103,220,-1,0.25964275861510516
94,44,0.38443670150987225,64.72727272727273,411,-1,0.25962210586124074
8,37,0.4470588235294118,71.51351351351352,333,-1,0.2595590611029162
532,21,0.4444444444444444,72.19047619047619,113,-1,0.2594730276553507
963,42,0.391025641025641,81.54761904761905,383,-1,0.25944321477606613
504,44,0.37282229965156793,63.0,397,-1,0.2591007360148572
599,14,0.4175824175824176,68.78571428571429,66,-1,0.2589544393327459
644,17,0.4,80.0,71,-1,0.2589212296499146
728,16,0.49166666666666664,61.8125,88,-1,0.25888073778637266
225,30,0.4576719576719577,78.93333333333334,223,-1,0.258858304029153
478,42,0.3769230769230769,82.4047619047619,371,-1,0.2587943401001424
813,24,0.427536231884058,53.625,164,-1,0.2584712201606654
380,42,0.4025641025641026,61.30952380952381,390,-1,0.25833957680418346
119,14,0.43956043956043955,62.57142857142857,68,-1,0.25822341744071586
120,19,0.3088235294117647,67.63157894736842,77,-1,0.2581852625104088
242,34,0.4274193548387097,83.47058823529412,273,-1,0.25808956509403974
816,23,0.47619047619047616,53.91304347826087,139,-1,0.2577079586319344
400,39,0.37237237237237236,85.64102564102564,320,-1,0.2576313110318975
753,21,0.49122807017543857,55.523809523809526,120,-1,0.25762151938863265
710,20,0.43137254901960786,53.5,97,-1,0.25756226296719653
229,33,0.3225806451612903,80.78787878787878,210,-1,0.25753351977151945
227,20,0.3333333333333333,73.45,84,-1,0.2574916684238987
389,45,0.3864894795127353,64.24444444444444,430,-1,0.2574186691744292
661,45,0.34219269102990035,64.0,387,-1,0.2573961706642802
621,17,0.38235294117647056,78.11764705882354,85,-1,0.25723958638390887
100,41,0.3117408906882591,66.5609756097561,306,-1,0.2572047469654573
134,25,0.28063241106719367,64.16,113,-1,0.2570180093220368
108,43,0.31585365853658537,70.51162790697674,334,-1,0.2569721925572307
50,17,0.5047619047619047,57.588235294117645,78,-1,0.2567678804167264
515,45,0.3289036544850498,68.4,379,-1,0.2565043388508817
666,24,0.47186147186147187,82.70833333333333,150,-1,0.2562260828432613
353,43,0.3170731707317073,76.55813953488372,335,-1,0.2557262871994787
776,30,0.4973544973544973,60.833333333333336,241,-1,0.2556856284907653
205,31,0.46881720430107526,69.12903225806451,276,-1,0.25563181240923494
535,10,0.4888888888888889,58.7,40,-1,0.25555030844019294
402,10,0.32142857142857145,68.0,25,-1,0.2553163893222969
224,15,0.3974358974358974,85.33333333333333,55,-1,0.2550975195471392
292,38,0.38412698412698415,86.1842105263158,309,-1,0.2549375933627928
66,36,0.28520499108734404,64.27777777777777,223,-1,0.25492772886920734
368,47,0.3838383838383838,77.14893617021276,471,-1,0.25492372005642017
237,31,0.47044334975369456,76.25806451612904,248,-1,0.25490482082259197
719,15,0.5256410256410257,61.8,68,-1,0.2547806989916965
706,12,0.30303030303030304,57.333333333333336,42,-1,0.2544185788686538
543,43,0.3,74.44186046511628,320,-1,0.25438929212930517
287,22,0.4675324675324675,85.0,147,-1,0.25427392768024926
288,40,0.29871977240398295,73.7,277,-1,0.2540527293372808
289,8,0.35714285714285715,63.375,26,-1,0.2540155033276129
24,40,0.38549075391180654,58.0,341,-1,0.2539436210350383
307,24,0.2813852813852814,58.916666666666664,105,-1,0.2536722297570074
298,16,0.325,79.25,68,-1,0.2536616202351809
161,43,0.3621951219512195,83.86046511627907,372,-1,0.25363855697084414
655,32,0.296551724137931,72.4375,189,-1,0.25349460771423626
914,23,0.5476190476190477,65.8695652173913,157,-1,0.2534678960618733
293,22,0.5263157894736842,55.22727272727273,136,-1,0.25335412932639945
164,48,0.33816425120772947,71.10416666666667,439,-1,0.253339658890054
204,37,0.4722689075630252,66.05405405405405,347,-1,0.25330619440027935
284,44,0.29965156794425085,71.0909090909091,336,-1,0.25329280285903016
53,40,0.30256410256410254,80.675,313,-1,0.2532424524086051
98,25,0.525691699604743,70.76,177,-1,0.2532387683350803
896,32,0.40229885057471265,87.09375,234,-1,0.2531930454270484
554,13,0.4909090909090909,55.46153846153846,48,-1,0.2530880221039907
529,37,0.45546218487394957,59.08108108108108,335,-1,0.2530013732762757
623,12,0.28888888888888886,60.916666666666664,30,-1,0.2529083843069753
315,8,0.39285714285714285,58.875,26,-1,0.25280458773594583
45,48,0.3710144927536232,75.625,469,-1,0.2525327986760398
72,8,0.42857142857142855,64.75,25,-1,0.25239237550376054
572,26,0.391304347826087,87.8076923076923,152,-1,0.2523680619380411
849,8,0.4,64.25,18,-1,0.2523514836014823
101,29,0.3162393162393162,54.10344827586207,163,-1,0.2521322272201221
556,10,0.35714285714285715,54.9,27,-1,0.25207040096437044
304,31,0.3866995073891626,90.58064516129032,212,-1,0.25203410173982405
39,36,0.48128342245989303,71.44444444444444,337,-1,0.25183867681612127
15,52,0.3526530612244898,77.17307692307692,526,-1,0.2517586297115655
49,15,0.47435897435897434,52.8,59,-1,0.2516382196315494
216,29,0.5185185185185185,77.86206896551724,236,-1,0.25161847208270116
186,31,0.37438423645320196,87.51612903225806,202,-1,0.25155899764581746
913,21,0.40476190476190477,50.23809523809524,120,-1,0.2514614430302287
729,8,0.39285714285714285,73.125,26,-1,0.2514570654369711
126,35,0.4981060606060606,69.05714285714286,327,-1,0.25131493095663066
789,11,0.2909090909090909,74.0,36,-1,0.2512580964319099
199,51,0.34778911564625853,75.2156862745098,500,-1,0.2512147213032274
600,13,0.5454545454545454,59.53846153846154,51,-1,0.2512025692493753
220,18,0.35833333333333334,84.5,76,-1,0.25113142180226455
510,22,0.5526315789473685,60.09090909090909,144,-1,0.25110013815834126
381,35,0.4128787878787879,55.22857142857143,281,-1,0.25085495324578067
756,26,0.2717391304347826,70.26923076923077,120,-1,0.2508238010711397
536,14,0.3516483516483517,83.57142857142857,57,-1,0.25077816142024273
264,38,0.4587301587301587,60.973684210526315,354,-1,0.2506353807618244
158,49,0.3829787234042553,80.53061224489795,505,-1,0.2506270074680539
239,11,0.4727272727272727,77.54545454545455,48,-1,0.25058384517060994
407,27,0.4444444444444444,53.96296296296296,205,-1,0.25054760306548757
610,18,0.2916666666666667,77.33333333333333,63,-1,0.2505249866756341
370,36,0.42698412698412697,55.55555555555556,338,-1,0.2504613781072556
159,38,0.4523809523809524,83.28947368421052,357,-1,0.25035683480776594
734,14,0.34065934065934067,82.64285714285714,58,-1,0.2501698677260798
521,16,0.25833333333333336,62.375,61,-1,0.25014243198017033
312,29,0.3645320197044335,90.96551724137932,200,-1,0.2500389890317405
243,53,0.3341176470588235,72.88679245283019,525,-1,0.24999585528538032
431,25,0.4268774703557312,90.2,152,-1,0.2498945197717633
320,50,0.37145390070921985,63.9,509,-1,0.24958881363223612
25,33,0.48295454545454547,80.24242424242425,315,-1,0.24955200230898883
330,11,0.3611111111111111,51.90909090909091,31,-1,0.2494907490479883
555,16,0.5166666666666667,73.0,92,-1,0.24929787676240506
654,38,0.2802275960170697,78.44736842105263,265,-1,0.24923106870493394
765,20,0.5526315789473685,66.25,142,-1,0.24902421066278813
234,51,0.35714285714285715,83.3921568627451,513,-1,0.24878547505985238
124,44,0.29732868757259,60.04545454545455,336,-1,0.2486009653215021
397,38,0.46984126984126984,61.63157894736842,367,-1,0.24851016267656384
652,7,0.3333333333333333,75.28571428571429,20,-1,0.24833309200393844
95,48,0.40193236714975844,71.29166666666667,503,-1,0.24817971113177417
346,29,0.4188034188034188,91.96551724137932,202,-1,0.24814435390374123
568,30,0.48148148148148145,85.63333333333334,236,-1,0.24810838833747118
406,30,0.4973544973544973,54.4,237,-1,0.24801899656392812
202,7,0.47619047619047616,60.142857142857146,24,-1,0.2477407553156165
399,18,0.49673202614379086,83.16666666666667,109,-1,0.24773314466682184
663,20,0.5490196078431373,73.7,115,-1,0.24769220127816877
886,11,0.5636363636363636,64.45454545454545,51,-1,0.24737060283252027
250,35,0.5113636363636364,69.08571428571429,337,-1,0.24702800506972922
99,29,0.5014245014245015,85.03448275862068,228,-1,0.2470163715307674
143,51,0.3120748299319728,84.3529411764706,463,-1,0.24696472783908446
214,53,0.32862745098039214,83.54716981132076,520,-1,0.2469455634574218
596,7,0.5,66.71428571428571,15,-1,0.2468585018444468
651,19,0.27205882352941174,73.57894736842105,69,-1,0.24684248106308915
38,47,0.39595959595959596,61.319148936170215,479,-1,0.24682197526054978
150,39,0.46996996996997,71.05128205128206,387,-1,0.24677489869963587
539,8,0.39285714285714285,85.75,25,-1,0.24647764047014786
835,7,0.5238095238095238,63.42857142857143,23,-1,0.2464519684601733
350,25,0.34782608695652173,50.68,131,-1,0.24643492327406974
273,31,0.5024630541871922,56.83870967741935,260,-1,0.24631633338575165
567,6,0.3333333333333333,60.166666666666664,10,-1,0.24629982136634043
587,16,0.5824175824175825,61.375,82,-1,0.2462167432190538
112,21,0.34502923976608185,48.23809523809524,97,-1,0.24621379914650304
686,10,0.37777777777777777,88.3,37,-1,0.24620674517724844
484,22,0.43157894736842106,92.18181818181819,122,-1,0.2461130457837108
501,14,0.5494505494505495,73.21428571428571,76,-1,0.24603002171650135
374,22,0.5263157894736842,51.72727272727273,135,-1,0.24598306419367405
240,22,0.5736842105263158,68.04545454545455,149,-1,0.24590895587162986
516,15,0.5769230769230769,57.2,71,-1,0.24574663080450881
122,27,0.3333333333333333,50.111111111111114,148,-1,0.24569051321570123
462,32,0.31494252873563217,88.4375,194,-1,0.24567398734944024
266,33,0.3913978494623656,50.57575757575758,234,-1,0.2455953541374009
519,23,0.24285714285714285,65.47826086956522,90,-1,0.2453846592651412
331,24,0.2318840579710145,64.66666666666667,109,-1,0.24523894624725773
627,16,0.2857142857142857,84.875,52,-1,0.2450466679149529
777,21,0.2573099415204678,55.476190476190474,79,-1,0.2450373542729542
847,29,0.5299145299145299,55.55172413793103,240,-1,0.24493188939474558
934,4,0.3333333333333333,69.25,8,-1,0.2448266984028027
714,25,0.49407114624505927,86.8,171,-1,0.24471397614649587
327,33,0.33548387096774196,93.27272727272727,215,-1,0.24456229206837965
705,9,0.5238095238095238,79.77777777777777,26,-1,0.24439429750477032
259,31,0.270935960591133,55.45161290322581,160,-1,0.24427035108002926
85,39,0.26576576576576577,60.38461538461539,241,-1,0.24412304761111137
90,29,0.4131054131054131,94.06896551724138,198,-1,0.24411114773940612
0,44,0.2764227642276423,62.15909090909091,314,-1,0.24391029261128566
953,16,0.325,48.375,70,-1,0.2438586964517086
437,41,0.4358974358974359,57.53658536585366,400,-1,0.2436340452906987
314,52,0.3657142857142857,85.88461538461539,537,-1,0.24337580350477156
413,30,0.544973544973545,73.26666666666667,260,-1,0.2433258861915763
551,20,0.4263157894736842,94.8,118,-1,0.24326335719473668
442,28,0.5661538461538461,62.642857142857146,235,-1,0.24322552684169663
936,27,0.30666666666666664,51.22222222222222,139,-1,0.24311681103009375
219,18,0.41830065359477125,93.83333333333333,100,-1,0.2430554300421382
483,46,0.2653276955602537,72.84782608695652,332,-1,0.24297779417137255
810,17,0.23529411764705882,69.05882352941177,63,-1,0.24297701205898903
31,50,0.4122340425531915,80.86,559,-1,0.24293602800877695
146,30,0.26455026455026454,76.9,150,-1,0.24290754384091584
47,51,0.41241496598639454,80.01960784313725,583,-1,0.24282610515739628
79,44,0.3240418118466899,89.70454545454545,349,-1,0.2426527882134893
791,6,0.4,55.5,17,-1,0.24259558559892502
179,55,0.33962264150943394,78.05454545454545,572,-1,0.2424820709725687
175,11,0.5636363636363636,71.9090909090909,53,-1,0.24236841363764355
260,23,0.319047619047619,48.47826086956522,102,-1,0.2419647022948514
103,52,0.403265306122449,66.6923076923077,593,-1,0.241670960764032
717,11,0.3055555555555556,89.9090909090909,29,-1,0.24165446755812942
590,29,0.5698005698005698,66.55172413793103,252,-1,0.24164430660590192
71,18,0.6083333333333333,58.55555555555556,101,-1,0.2412877986570096
429,34,0.5403225806451613,63.5,331,-1,0.24108518518172983
581,32,0.2482758620689655,69.28125,159,-1,0.24100843819855688
530,10,0.24444444444444444,68.7,30,-1,0.24082530329635415
299,25,0.31620553359683795,48.24,119,-1,0.24071296017501903
557,18,0.43790849673202614,95.88888888888889,99,-1,0.24067530985348395
509,55,0.2931785195936139,74.98181818181818,493,-1,0.24045387459565887
544,30,0.36772486772486773,98.0,190,-1,0.24043955566982111
416,3,0.3333333333333333,71.0,7,-1,0.2404131953523433
401,51,0.2619047619047619,74.0,392,-1,0.24038462060250365
241,23,0.5428571428571428,51.0,156,-1,0.24024230881017378
575,11,0.6,69.54545454545455,55,-1,0.2402238511593352
672,15,0.5641025641025641,82.73333333333333,71,-1,0.24008771036141968
228,22,0.38961038961038963,99.4090909090909,131,-1,0.23963857396672167
542,18,0.5882352941176471,69.44444444444444,125,-1,0.23962411685832785
12,58,0.3025974025974026,73.87931034482759,568,-1,0.2394671643245893
276,11,0.25,56.09090909090909,27,-1,0.23946683385171996
223,58,0.3422077922077922,81.25862068965517,626,-1,0.23934486577801978
829,4,0.5,54.5,9,-1,0.23932714199972666
640,19,0.5294117647058824,48.10526315789474,106,-1,0.23924738162068765
171,45,0.4440753045404208,80.68888888888888,486,-1,0.2390206823713853
616,6,0.26666666666666666,62.333333333333336,14,-1,0.23901100917288837
37,37,0.43025210084033616,51.4054054054054,322,-1,0.23897306491652148
779,3,0.3333333333333333,80.33333333333333,7,-1,0.23855412140011928
207,30,0.5052910052910053,86.2,247,-1,0.23846050218538373
760,4,0.5,53.5,11,-1,0.2381980694749301
1,52,0.2653061224489796,69.07692307692308,414,-1,0.23805491918910454
638,26,0.2391304347826087,57.38461538461539,114,-1,0.23800243357817524
931,17,0.5142857142857142,46.35294117647059,84,-1,0.2380003337598473
246,19,0.4485294117647059,43.21052631578947,91,-1,0.23793484077579202
480,46,0.3456659619450317,93.17391304347827,408,-1,0.23775584268407268
984,3,0.3333333333333333,74.33333333333333,6,-1,0.23760887812089254
745,9,0.23809523809523808,61.77777777777778,18,-1,0.23759228282202427
469,19,0.6176470588235294,63.8421052631579,119,-1,0.2374856353631432
418,30,0.46436781609195404,90.7,254,-1,0.2374843938194856
656,11,0.4727272727272727,45.63636363636363,48,-1,0.23718513481066017
569,41,0.3697705802968961,49.97560975609756,341,-1,0.23691645056846244
586,25,0.5133333333333333,86.84,203,-1,0.2368193162767842
208,53,0.4172549019607843,78.43396226415095,631,-1,0.23677651594103466
196,35,0.5473484848484849,69.14285714285714,350,-1,0.23666079139049523
395,42,0.45,86.80952380952381,428,-1,0.23655806100188692
612,56,0.283717679944095,74.83928571428571,501,-1,0.23644453980290098
851,16,0.4725274725274725,41.5,70,-1,0.23616217820075464
387,41,0.3967611336032389,52.0,369,-1,0.23611485479528588
344,19,0.4411764705882353,41.21052631578947,92,-1,0.23608477405895562
426,60,0.3278886872353297,81.2,654,-1,0.23600327695214168
629,4,0.5,52.0,11,-1,0.23599935655634574
376,51,0.4217687074829932,61.27450980392157,591,-1,0.23579757615211222
309,46,0.3118393234672304,54.0,371,-1,0.23566599079264217
32,35,0.5473484848484849,63.57142857142857,354,-1,0.23561769208442668
924,11,0.6,78.9090909090909,55,-1,0.2354097114942082
565,12,0.3787878787878788,41.5,45,-1,0.23535607161921995
451,13,0.48717948717948717,43.92307692307692,62,-1,0.23533754383545386
192,23,0.5904761904761905,54.73913043478261,166,-1,0.2352166142595784
423,41,0.48582995951417,77.8780487804878,438,-1,0.23521362770860432
468,21,0.37142857142857144,101.52380952380952,118,-1,0.2350143013298721
337,40,0.45519203413940257,88.475,393,-1,0.23491954168029267
464,49,0.33950046253469013,91.3061224489796,454,-1,0.23491885659148282
611,26,0.38769230769230767,102.92307692307692,175,-1,0.23479709721356318
372,31,0.41625615763546797,101.19354838709677,224,-1,0.2345677395836011
151,46,0.4619450317124736,76.19565217391305,525,-1,0.234144245309383
441,55,0.3367003367003367,89.65454545454546,601,-1,0.23413217063253905
566,22,0.45021645021645024,41.95454545454545,142,-1,0.23412613620043687
118,32,0.23218390804597702,77.03125,159,-1,0.23398913579745068
465,17,0.20952380952380953,56.23529411764706,49,-1,0.23379999937052331
647,14,0.45454545454545453,99.0,53,-1,0.2337960447570686
582,18,0.4583333333333333,99.22222222222223,83,-1,0.23357017928937868
541,22,0.3473684210526316,101.4090909090909,102,-1,0.23355351309004452
720,25,0.5098814229249012,45.4,166,-1,0.23341644149690888
678,16,0.32967032967032966,42.25,55,-1,0.23339783623899402
534,5,0.6,65.6,15,-1,0.23300554668272483
33,30,0.5793650793650794,69.2,273,-1,0.23296362286770522
739,6,0.4,94.33333333333333,17,-1,0.23291476891127472
597,18,0.23333333333333334,82.22222222222223,59,-1,0.23284060440776083
604,8,0.5357142857142857,89.875,31,-1,0.23280157195528978
641,20,0.4117647058823529,102.6,96,-1,0.23268341045580487
907,14,0.5,42.142857142857146,55,-1,0.23266679442970462
52,26,0.2210144927536232,55.11538461538461,104,-1,0.23265509316825383
178,36,0.31016042780748665,49.5,237,-1,0.23264426851667364
351,62,0.3271186440677966,83.61290322580645,693,-1,0.23259180523793044
639,7,0.4,44.142857142857146,15,-1,0.2324610216757202
384,16,0.6166666666666667,70.8125,105,-1,0.23241797720311153
10,47,0.3154486586493987,92.95744680851064,429,-1,0.23241649333990938
727,4,0.3333333333333333,92.0,10,-1,0.23206515614562656
238,45,0.25249169435215946,60.22222222222222,309,-1,0.23195172108312273
221,61,0.33060109289617484,85.1639344262295,713,-1,0.2319267199971614
472,7,0.3333333333333333,44.857142857142854,20,-1,0.23189871858487748
526,63,0.307103825136612,77.14285714285714,672,-1,0.2318699496417117
952,8,0.5333333333333333,46.75,20,-1,0.23179084575852654
828,29,0.4187192118226601,104.03448275862068,225,-1,0.23159887940343893
278,56,0.350104821802935,87.53571428571429,600,-1,0.2315929818442023
253,42,0.38443670150987225,98.02380952380952,407,-1,0.23154483271368032
26,35,0.5208333333333334,55.457142857142856,337,-1,0.23120975887961703
306,50,0.30407801418439717,90.98,434,-1,0.23120841876383103
664,13,0.2,69.15384615384616,32,-1,0.2311141480826292
812,62,0.29774011299435027,75.03225806451613,638,-1,0.23092406118005027
176,35,0.2537878787878788,53.22857142857143,196,-1,0.2307131360552836
845,32,0.5770114942528736,67.3125,309,-1,0.23066068598012213
921,11,0.6545454545454545,69.0,57,-1,0.23062248748813224
885,5,0.6,75.0,15,-1,0.23046545326535467
29,58,0.3935064935064935,80.27586206896552,711,-1,0.23044582746480735
471,14,0.3516483516483517,101.78571428571429,56,-1,0.2304119310938736
452,42,0.41410256410256413,50.333333333333336,397,-1,0.23038460293082746
343,22,0.5263157894736842,96.95454545454545,141,-1,0.23030091391663005
245,53,0.42901960784313725,84.16981132075472,647,-1,0.23013976129064345
435,16,0.1978021978021978,56.9375,39,-1,0.230134342580609
447,32,0.4436781609195402,47.03125,251,-1,0.23011846293315635
511,24,0.20346320346320346,59.625,89,-1,0.23005062049346275
97,25,0.5573122529644269,49.36,185,-1,0.22987699341453927
970,6,0.4666666666666667,90.66666666666667,18,-1,0.2298075981044317
310,31,0.4236559139784946,102.38709677419355,254,-1,0.22973460381211064
867,4,0.5,89.5,11,-1,0.22969139523822146
466,53,0.30823529411764705,55.886792452830186,483,-1,0.22964429545592602
77,25,0.43333333333333335,103.72,172,-1,0.22960463778598827
379,54,0.3951734539969834,59.46296296296296,623,-1,0.2295842969752706
695,29,0.2222222222222222,71.89655172413794,126,-1,0.22955322955850704
699,26,0.4528985507246377,41.42307692307692,167,-1,0.2295483145747682
815,19,0.6323529411764706,67.05263157894737,120,-1,0.2295460202521165
990,20,0.6210526315789474,67.3,156,-1,0.22944176106540531
364,9,0.5277777777777778,96.0,35,-1,0.22938435758748338
964,5,0.6,57.0,16,-1,0.22938316180669388
694,9,0.19444444444444445,60.44444444444444,23,-1,0.229380431823411
18,56,0.30118798043326345,89.35714285714286,531,-1,0.22927865852690116
939,3,0.3333333333333333,47.333333333333336,7,-1,0.22920350262030786
748,34,0.3649193548387097,103.91176470588235,243,-1,0.22908652923339212
144,15,0.5641025641025641,94.0,70,-1,0.22897581196994998
430,54,0.3378582202111614,92.96296296296296,545,-1,0.22886770247263227
272,49,0.25809435707678074,58.816326530612244,369,-1,0.22883683621560463
1000,6,0.6,79.16666666666667,21,-1,0.2287277698068293
608,30,0.47883597883597884,45.266666666666666,231,-1,0.2286656390569749
341,13,0.6538461538461539,61.15384615384615,73,-1,0.22857410646940218
558,12,0.30303030303030304,41.166666666666664,42,-1,0.22808029654708933
832,27,0.62,66.85185185185185,235,-1,0.2280499374180296
251,38,0.5380952380952381,77.78947368421052,411,-1,0.22795055523990937
912,5,0.5,46.2,14,-1,0.22793547631312444
827,1,0.0,63.0,2,-1,0.22788790466928782
786,11,0.2222222222222222,85.0,26,-1,0.22788450739315375
795,1,0.0,65.0,2,-1,0.22765371477470187
188,41,0.4146341463414634,97.7560975609756,411,-1,0.2276146350075634
871,1,0.0,64.0,2,-1,0.22759592425237374
897,1,0.0,64.0,2,-1,0.22759592425237374
804,12,0.6212121212121212,50.666666666666664,62,-1,0.2275844940806493
506,63,0.2825136612021858,78.34920634920636,629,-1,0.22744096827773347
904,1,0.0,57.0,2,-1,0.22726130423514074
69,64,0.28820729772607084,72.046875,651,-1,0.22707481154186654
824,1,0.0,62.0,2,-1,0.22680094143003154
863,1,0.0,67.0,2,-1,0.22675858735242538
831,1,0.0,59.0,2,-1,0.22654960273721853
1003,1,0.0,59.0,2,-1,0.22654960273721853
996,1,0.0,58.0,2,-1,0.22651722861988627
203,39,0.4426450742240216,95.12820512820512,404,-1,0.2264659249835866
428,29,0.6125356125356125,58.206896551724135,268,-1,0.22639715210945188
888,1,0.0,70.0,2,-1,0.226278183391124
993,1,0.0,56.0,2,-1,0.2262213536046887
135,38,0.5333333333333333,80.73684210526316,408,-1,0.2261917773202734
48,59,0.3283208020050125,59.932203389830505,634,-1,0.22617663414209488
999,1,0.0,71.0,2,-1,0.22592204083033424
577,13,0.44871794871794873,103.6923076923077,58,-1,0.225630697311543
316,47,0.2313131313131313,62.12765957446808,307,-1,0.2255047797406151
443,55,0.3991291727140784,60.54545454545455,654,-1,0.2254914347750761
523,19,0.21637426900584794,50.421052631578945,69,-1,0.22546426288648774
783,8,0.35714285714285715,102.5,23,-1,0.22544678558953218
708,20,0.6339869281045751,71.85,131,-1,0.22536463351707203
488,11,0.6727272727272727,54.18181818181818,58,-1,0.225318697633631
512,6,0.3333333333333333,100.16666666666667,9,-1,0.22530623501320945
749,5,0.5,98.0,15,-1,0.22503926623672182
922,25,0.24110671936758893,50.36,101,-1,0.22489275155240884
517,14,0.6818181818181818,61.214285714285715,70,-1,0.2248417254605361
127,28,0.3412698412698413,106.25,184,-1,0.2246415021645124
313,19,0.625,51.0,114,-1,0.22445737074538835
700,30,0.4298850574712644,41.333333333333336,238,-1,0.22416660829234003
390,47,0.4414141414141414,57.4468085106383,523,-1,0.2241446444178828
375,67,0.29134615384615387,82.05970149253731,729,-1,0.22413586257207957
579,22,0.6105263157894737,48.72727272727273,157,-1,0.22410355634268614
564,34,0.20161290322580644,61.38235294117647,161,-1,0.22400966203692257
206,61,0.304500292226768,62.557377049180324,631,-1,0.22378534766183145
624,11,0.23636363636363636,90.27272727272727,34,-1,0.22376336349144144
261,50,0.4601063829787234,83.82,614,-1,0.22363318214214556
811,8,0.6071428571428571,87.375,31,-1,0.22358650767288873
332,28,0.5052910052910053,43.642857142857146,240,-1,0.22352760547480505
421,52,0.22775510204081634,66.65384615384616,371,-1,0.22337927899267584
553,10,0.7142857142857143,57.7,36,-1,0.2233435240637619
444,33,0.589247311827957,69.87878787878788,337,-1,0.22317016451496519
408,56,0.4129979035639413,66.64285714285714,692,-1,0.2231025259026848
302,24,0.48917748917748916,104.25,157,-1,0.22307982305081253
70,18,0.5751633986928104,93.11111111111111,122,-1,0.22305210025842664
487,17,0.45714285714285713,36.76470588235294,73,-1,0.22284629711340986
985,1,0.0,51.0,2,-1,0.2228261108237693
422,45,0.4353535353535353,91.17777777777778,511,-1,0.22247328043399306
76,24,0.6493506493506493,60.666666666666664,194,-1,0.2222786167185175
194,46,0.48520084566596194,72.26086956521739,544,-1,0.22223176033117065
265,39,0.4219219219219219,44.51282051282051,346,-1,0.22220061079063097
858,1,0.0,50.0,2,-1,0.22216261073667648
941,1,0.0,76.0,2,-1,0.22214819030432587
615,62,0.26101694915254237,74.58064516129032,567,-1,0.22211759166574185
548,36,0.42063492063492064,104.38888888888889,331,-1,0.22203559046205806
622,1,0.0,45.0,2,-1,0.22189437171987608
662,20,0.5947712418300654,90.85,126,-1,0.22181462381246908
665,29,0.5584045584045584,92.75862068965517,248,-1,0.22166689551153324
930,16,0.43956043956043955,36.25,67,-1,0.22163411811826422
860,24,0.6233766233766234,52.166666666666664,188,-1,0.22157858617630172
415,4,0.16666666666666666,61.0,9,-1,0.2215780564309014
733,15,0.28205128205128205,40.733333333333334,45,-1,0.22146524918434268
915,1,0.0,47.0,2,-1,0.22141362351261873
823,25,0.466403162055336,39.4,159,-1,0.22123345935142086
321,57,0.35622895622895623,56.98245614035088,632,-1,0.22112704438970948
458,49,0.37465309898242366,96.79591836734694,492,-1,0.22110969031586086
373,46,0.2135306553911205,76.56521739130434,281,-1,0.221042687066765
669,8,0.2,52.875,14,-1,0.2208783622705921
696,9,0.7222222222222222,59.111111111111114,41,-1,0.2208635106660049
797,7,0.3,40.714285714285715,13,-1,0.2207290199454054
908,28,0.5661538461538461,48.285714285714285,234,-1,0.22066134982290692
680,1,0.0,42.0,2,-1,0.22060765485507655
830,1,0.0,42.0,2,-1,0.22060765485507655
181,61,0.3389830508474576,60.442622950819676,691,-1,0.22056396543301043
502,25,0.5731225296442688,44.32,187,-1,0.2204905081746169
688,1,0.0,43.0,2,-1,0.22033594207028107
770,1,0.0,43.0,2,-1,0.22033594207028107
1004,1,0.0,43.0,2,-1,0.22033594207028107
758,15,0.16666666666666666,61.46666666666667,40,-1,0.22028604437158444
805,4,0.16666666666666666,68.75,9,-1,0.22020950891316998
601,38,0.3712660028449502,105.47368421052632,332,-1,0.2201699826645659
958,3,0.3333333333333333,40.333333333333336,6,-1,0.2201453107701451
856,68,0.29277389277389276,81.69117647058823,747,-1,0.21998782625037006
674,20,0.5490196078431373,39.5,117,-1,0.21971517563620946
520,55,0.43831640058055155,79.8,703,-1,0.21970841334599606
338,63,0.35081967213114756,86.73015873015873,760,-1,0.2196915298367348
308,41,0.3508771929824561,103.04878048780488,337,-1,0.21960482967986394
609,6,0.6666666666666666,65.16666666666667,13,-1,0.2194381917136657
917,27,0.5726495726495726,49.25925925925926,249,-1,0.21935586775139232
592,35,0.42424242424242425,42.0,287,-1,0.2192781164436956
722,4,0.6666666666666666,67.75,12,-1,0.21916954777589992
957,10,0.6444444444444445,46.2,47,-1,0.21835600784761833
979,7,0.2,50.714285714285715,13,-1,0.21829485621583422
267,20,0.5490196078431373,38.7,117,-1,0.21828445407733993
889,4,0.6666666666666666,74.0,11,-1,0.21822093796611913
482,47,0.20404040404040405,64.80851063829788,283,-1,0.21821350070668094
177,54,0.2187028657616893,63.7962962962963,385,-1,0.2181966992047455
880,32,0.5816091954022988,80.9375,311,-1,0.21819261590244443
386,8,0.6428571428571429,83.5,33,-1,0.21812943077653668
201,57,0.39461279461279464,92.78947368421052,689,-1,0.21812329871006242
247,17,0.625,47.64705882352941,115,-1,0.21803045198615167
574,4,0.6666666666666666,75.25,12,-1,0.21793782835762915
326,42,0.3730769230769231,104.4047619047619,368,-1,0.21783364903781
460,54,0.21945701357466063,75.48148148148148,391,-1,0.21780382843957247
445,29,0.3866995073891626,109.44827586206897,210,-1,0.21756677125840673
967,5,0.7,60.4,15,-1,0.21754382999818855
525,45,0.39867109634551495,47.68888888888889,434,-1,0.21746626170811773
513,56,0.2348008385744235,74.96428571428571,436,-1,0.21717064963097454
606,1,0.0,80.0,2,-1,0.21716176436499823
538,11,0.4722222222222222,34.18181818181818,34,-1,0.2170219562433215
668,1,0.0,79.0,2,-1,0.21698428529277614
339,60,0.38052026618269813,62.483333333333334,740,-1,0.21685747219781126
918,28,0.6461538461538462,60.92857142857143,259,-1,0.2168424501995359
68,48,0.4115942028985507,98.75,510,-1,0.21684038676347067
807,6,0.6,94.16666666666667,21,-1,0.2167426023761287
571,20,0.6105263157894737,91.45,156,-1,0.21670664839205445
89,71,0.29454390451832907,77.84507042253522,826,-1,0.21664951044351377
855,5,0.3,102.4,12,-1,0.2166484198529985
359,34,0.46975806451612906,43.6764705882353,291,-1,0.21664477669243654
131,60,0.3895946763460375,90.06666666666666,755,-1,0.21662048195128952
461,26,0.5688405797101449,45.34615384615385,202,-1,0.216597186542499
425,37,0.23025210084033612,52.08108108108108,198,-1,0.21635535326730837
222,72,0.3159420289855073,78.94444444444444,881,-1,0.21626610761502513
51,69,0.276797829036635,73.89855072463769,736,-1,0.21610015075065947
809,49,0.482886216466235,73.40816326530613,615,-1,0.21602114195099903
271,70,0.3217734855136084,75.64285714285714,867,-1,0.21596670726433193
589,26,0.4601449275362319,107.46153846153847,171,-1,0.21589774876664503
948,1,0.0,35.0,2,-1,0.2154644524922994
531,53,0.41411764705882353,95.9245283018868,620,-1,0.21514313623211384
258,59,0.2387218045112782,70.2542372881356,485,-1,0.21513465793766712
657,1,0.0,84.0,2,-1,0.21508752424556904
761,1,0.0,84.0,2,-1,0.21508752424556904
263,64,0.36488630354309887,84.75,811,-1,0.21505882174317642
60,55,0.4020319303338171,57.018181818181816,657,-1,0.21480620080160567
322,28,0.5784615384615385,47.57142857142857,237,-1,0.21475755157544824
814,5,0.2,45.0,12,-1,0.21425883363705395
986,3,0.6666666666666666,60.666666666666664,8,-1,0.21417109258197764
110,11,0.75,64.45454545454545,45,-1,0.2140170546504238
43,14,0.5909090909090909,37.92857142857143,59,-1,0.2139451433790761
803,20,0.6862745098039216,58.4,139,-1,0.21394171443603688
901,1,0.0,85.0,2,-1,0.21371030054165563
943,1,0.0,85.0,2,-1,0.21371030054165563
982,1,0.0,85.0,2,-1,0.21371030054165563
876,1,0.0,34.0,2,-1,0.21336962404484666
879,1,0.0,34.0,2,-1,0.21336962404484666
944,1,0.0,34.0,2,-1,0.21336962404484666
191,62,0.23502824858757063,72.88709677419355,527,-1,0.2130699202776099
747,39,0.39271255060728744,107.51282051282051,362,-1,0.2130438115040158
391,21,0.6783625730994152,56.95238095238095,155,-1,0.21300896090841687
27,63,0.36885245901639346,68.19047619047619,789,-1,0.21296430921242443
619,8,0.7142857142857143,80.75,36,-1,0.21279163644774318
20,74,0.28482003129890454,81.36486486486487,855,-1,0.21261422899724536
19,72,0.28322981366459626,78.76388888888889,808,-1,0.2125888841755213
218,68,0.26433566433566436,67.95588235294117,681,-1,0.21245468377532906
955,9,0.7142857142857143,51.77777777777778,28,-1,0.212344793216388
598,9,0.7619047619047619,62.666666666666664,30,-1,0.2123289085402026
446,27,0.66,63.851851851851855,248,-1,0.21214228794705653
951,11,0.5833333333333334,37.45454545454545,38,-1,0.21191151370122135
690,22,0.4842105263157895,108.4090909090909,131,-1,0.21152257495493965
527,19,0.6617647058823529,78.42105263157895,125,-1,0.21139132425249152
840,18,0.6416666666666667,88.33333333333333,110,-1,0.21135220539603206
707,40,0.3269230769230769,43.75,323,-1,0.2113229890175497
40,60,0.3605565638233515,56.3,703,-1,0.2110795653937394
514,12,0.7555555555555555,59.083333333333336,55,-1,0.2110292332489056
35,59,0.41228070175438597,89.79661016949153,768,-1,0.21097102247681537
618,15,0.5641025641025641,35.93333333333333,68,-1,0.21092339194948262
300,76,0.28285820066641987,81.27631578947368,903,-1,0.2108046620891582
174,73,0.3356136820925553,82.0958904109589,971,-1,0.21071875641309834
361,50,0.48847517730496454,80.62,644,-1,0.2101719459528006
750,1,0.0,33.0,2,-1,0.21003816435092348
894,1,0.0,33.0,2,-1,0.21003816435092348
503,12,0.696969696969697,51.916666666666664,68,-1,0.20989792024943532
950,45,0.19494949494949496,73.46666666666667,276,-1,0.20986388192157052
318,61,0.3904149620105202,91.81967213114754,782,-1,0.20984280626729973
16,74,0.28470936690114773,83.87837837837837,907,-1,0.20979942502081494
561,1,0.0,32.0,2,-1,0.20945926013505495
701,1,0.0,32.0,2,-1,0.20945926013505495
883,12,0.7777777777777778,58.583333333333336,56,-1,0.20930927793431786
926,15,0.6923076923076923,49.733333333333334,81,-1,0.20888861565141925
774,1,0.0,89.0,2,-1,0.2087304692686643
617,6,0.6666666666666666,44.166666666666664,22,-1,0.20831643886053192
486,74,0.2762128325508607,82.6891891891892,843,-1,0.20810620234246624
559,10,0.5714285714285714,108.9,31,-1,0.20799157226566994
296,73,0.3235412474849095,88.21917808219177,941,-1,0.20783901255856613
450,74,0.31768388106416273,88.89189189189189,948,-1,0.20754865718631976
427,57,0.39124579124579123,97.54385964912281,685,-1,0.2073378037416489
790,1,0.0,30.0,2,-1,0.20726342098660178
357,47,0.4484848484848485,98.0,531,-1,0.20703992990705244
919,13,0.7636363636363637,59.53846153846154,65,-1,0.20701218330988747
800,6,0.13333333333333333,71.66666666666667,11,-1,0.20697849100688454
992,3,0.0,55.666666666666664,3,-1,0.2068816246661473
363,57,0.4166666666666667,91.96491228070175,767,-1,0.20673036345707996
80,72,0.336231884057971,87.81944444444444,940,-1,0.20641261456646476
547,30,0.6481481481481481,61.8,301,-1,0.2064063250914614
417,65,0.3865847414234511,78.27692307692308,877,-1,0.20639837774716646
716,3,0.0,58.0,3,-1,0.20639349503880727
763,3,0.0,58.0,3,-1,0.20639349503880727
168,77,0.27855855855855854,78.79220779220779,913,-1,0.20635661206005812
819,5,0.6,36.6,15,-1,0.20586280096858195
785,4,0.6666666666666666,93.0,11,-1,0.20564506260945326
636,3,0.0,52.333333333333336,3,-1,0.20556236355444085
213,48,0.357487922705314,43.625,449,-1,0.20548428844164718
910,1,0.0,91.0,2,-1,0.20543193849046193
998,1,0.0,91.0,2,-1,0.20543193849046193
635,11,0.7636363636363637,67.63636363636364,64,-1,0.20515524537840518
185,22,0.5238095238095238,35.13636363636363,160,-1,0.20505346432157628
55,43,0.5426829268292683,81.69767441860465,524,-1,0.20482637735207226
723,14,0.2727272727272727,35.785714285714285,41,-1,0.20480224746125397
650,1,0.0,92.0,2,-1,0.20477497866672573
697,8,0.26666666666666666,35.25,15,-1,0.204666616676764
817,7,0.5,33.57142857142857,14,-1,0.20455143855243968
92,44,0.18234610917537747,61.20454545454545,233,-1,0.20447026188855422
34,31,0.6379310344827587,59.354838709677416,316,-1,0.20440269367891611
492,30,0.4413793103448276,111.33333333333333,249,-1,0.20390804562842096
233,66,0.3740079365079365,89.45454545454545,873,-1,0.20390551850702038
537,46,0.18921775898520085,58.84782608695652,261,-1,0.20373704851752072
489,37,0.4336134453781513,109.4054054054054,327,-1,0.2035764783819493
388,29,0.6552706552706553,75.37931034482759,284,-1,0.203442000596108
455,64,0.3532522474881015,59.640625,791,-1,0.20342063495894924
138,32,0.5987903225806451,83.71875,358,-1,0.20334052492629218
775,1,0.0,55.0,1,-1,0.20283862995211366
1002,1,0.0,55.0,1,-1,0.20283862995211366
659,3,0.0,47.333333333333336,3,-1,0.20261963993894755
9,40,0.42532005689900426,39.475,367,-1,0.2019088640245939
195,37,0.5966386554621849,74.37837837837837,423,-1,0.20183461368519962
899,1,0.0,95.0,2,-1,0.20176591110369596
117,20,0.27450980392156865,106.9,79,-1,0.2015673153044255
773,3,0.0,42.333333333333336,3,-1,0.20106792632593784
972,2,0.0,38.0,3,-1,0.20084568718450108
573,21,0.6900584795321637,82.28571428571429,154,-1,0.20059637958815707
36,45,0.46511627906976744,96.77777777777777,503,-1,0.20023259843752944
270,15,0.5714285714285714,109.8,88,-1,0.19991651561297247
305,62,0.4067796610169492,65.79032258064517,835,-1,0.1996883418266403
499,51,0.3401360544217687,44.0,484,-1,0.1996697378898829
704,3,0.0,74.66666666666667,3,-1,0.1995543766149957
837,3,0.0,74.66666666666667,3,-1,0.1995543766149957
614,6,0.3333333333333333,32.0,11,-1,0.19943601653012588
356,51,0.44727891156462585,99.54901960784314,620,-1,0.19934316883531494
162,64,0.20833333333333334,75.015625,537,-1,0.19919080964633612
163,52,0.3717948717948718,105.78846153846153,584,-1,0.19888327444246806
522,3,0.6666666666666666,42.0,6,-1,0.19886802179800894
167,70,0.2791922739244952,59.0,762,-1,0.19858047199797296
226,63,0.32462877624167946,97.42857142857143,752,-1,0.19847593646695982
459,73,0.23211567732115676,68.91780821917808,737,-1,0.1983043817956009
67,9,0.4722222222222222,120.11111111111111,34,-1,0.19829582456278744
109,5,0.3,113.6,13,-1,0.19827987560045457
965,1,0.0,27.0,2,-1,0.19817356199917247
692,2,0.0,50.5,4,-1,0.19806612685402958
111,8,0.8214285714285714,59.0,39,-1,0.19778837691837192
475,2,0.0,71.5,4,-1,0.19778832700615978
394,34,0.6370967741935484,61.61764705882353,380,-1,0.19758351799808027
685,48,0.5333333333333333,66.45833333333333,641,-1,0.19735455863510848
500,21,0.6619047619047619,47.333333333333336,178,-1,0.19724167433886286
869,6,0.7333333333333333,43.5,23,-1,0.1971209643366666
595,1,0.0,26.0,2,-1,0.19708996291925257
61,71,0.27408354646206307,61.0,775,-1,0.196982080171913
973,1,0.0,97.0,2,-1,0.19690576400609172
975,1,0.0,97.0,2,-1,0.19690576400609172
393,84,0.3020174646190906,80.22619047619048,1152,-1,0.19667296875695944
861,1,0.0,25.0,2,-1,0.19640100599811355
180,83,0.26450617283950617,80.6987951807229,1004,-1,0.19612317186902672
784,3,0.0,36.333333333333336,3,-1,0.19601417916895852
540,9,0.5277777777777778,120.22222222222223,37,-1,0.19516584911279383
875,1,0.0,98.0,2,-1,0.1949323918112711
802,7,0.8,77.57142857142857,19,-1,0.19491889051244515
392,22,0.7315789473684211,65.13636363636364,180,-1,0.1947641770517905
189,76,0.23731951129211404,65.57894736842105,760,-1,0.19467332619426653
850,2,0.0,76.0,4,-1,0.19464358292577977
412,70,0.35030728709394204,63.8,928,-1,0.19453344776919257
726,20,0.49019607843137253,116.35,110,-1,0.19435701755825896
890,3,0.0,79.0,3,-1,0.19430159485924703
42,75,0.3314307458143075,90.76,1002,-1,0.1942017032454424
866,3,0.6666666666666666,99.33333333333333,8,-1,0.19409088896005894
369,8,0.7142857142857143,103.75,36,-1,0.19397181009137354
682,3,0.6666666666666666,36.666666666666664,8,-1,0.1939353631662047
404,84,0.31285757302017464,83.10714285714286,1186,-1,0.1938687905807247
78,23,0.4901185770750988,115.78260869565217,164,-1,0.1936010714218308
781,3,0.3333333333333333,29.666666666666668,6,-1,0.19335849060425914
570,21,0.6491228070175439,39.19047619047619,146,-1,0.19325206990580795
335,26,0.5652173913043478,35.42307692307692,201,-1,0.19322193457825565
209,85,0.27358213341169557,82.18823529411765,1089,-1,0.19318934247063058
841,9,0.3333333333333333,28.77777777777778,20,-1,0.19318376314665986
974,7,0.8095238095238095,79.42857142857143,29,-1,0.19291486026788784
440,71,0.2041773231031543,65.71830985915493,604,-1,0.1926677432768314
687,7,0.6666666666666666,109.42857142857143,26,-1,0.19265662190562866
877,9,0.5,123.11111111111111,34,-1,0.19259570964315947
935,5,0.6,31.0,15,-1,0.1925278729499138
182,47,0.45555555555555555,46.638297872340424,537,-1,0.19215917492929563
190,34,0.4028520499108734,116.70588235294117,286,-1,0.19215638981301192
438,84,0.2956940680517916,74.30952380952381,1143,-1,0.19215304888082746
342,74,0.24843505477308295,62.472972972972975,767,-1,0.1921351487779815
453,34,0.4274193548387097,116.26470588235294,272,-1,0.19177634108511926
771,8,0.6428571428571429,111.625,33,-1,0.1916263352343056
490,43,0.45121951219512196,107.25581395348837,449,-1,0.19156989818433973
136,29,0.6723646723646723,80.65517241379311,291,-1,0.19152729296893845
491,21,0.15204678362573099,43.904761904761905,60,-1,0.1914106701256978
862,1,0.0,21.0,2,-1,0.19090334242307505
778,5,0.3,121.0,13,-1,0.19085270024375467
481,46,0.5539112050739958,79.04347826086956,609,-1,0.19072593939428667
286,46,0.547568710359408,83.28260869565217,603,-1,0.19066224094447648
113,87,0.2971988795518207,80.183908045977,1228,-1,0.19065776965318454
3,71,0.38491048593350385,79.92957746478874,1033,-1,0.1905604867325923
54,51,0.5255102040816326,74.07843137254902,715,-1,0.19048491621865887
949,25,0.7233201581027668,65.56,230,-1,0.19039956054570373
642,21,0.5497076023391813,114.33333333333333,132,-1,0.18955935040371824
116,83,0.3216049382716049,76.26506024096386,1196,-1,0.1892237610434943
495,80,0.31535131535131533,89.2875,1091,-1,0.18894614753338485
30,68,0.4027972027972028,86.1470588235294,993,-1,0.1889082265812515
358,55,0.31059506531204645,42.96363636363636,516,-1,0.1888102607880886
715,5,0.1,83.0,10,-1,0.1887980005205494
104,33,0.6623655913978495,70.63636363636364,370,-1,0.18866350096138562
937,9,0.8095238095238095,47.111111111111114,32,-1,0.1884036123548269
676,4,0.6666666666666666,109.0,12,-1,0.18830687940713148
236,52,0.4514285714285714,100.96153846153847,649,-1,0.18828676231549718
946,1,0.0,20.0,2,-1,0.18796036024285073
378,26,0.7246376811594203,62.57692307692308,249,-1,0.18728223850748127
945,5,0.6666666666666666,30.6,9,-1,0.1868404093794594
269,84,0.32339656729900634,86.25,1225,-1,0.18663769162905908
833,9,0.7619047619047619,100.22222222222223,31,-1,0.1865286738968916
712,4,0.0,53.25,7,-1,0.18640291373847317
826,27,0.7133333333333334,66.62962962962963,262,-1,0.18632973996857238
552,43,0.5585365853658537,86.04651162790698,540,-1,0.18628313879060987
905,10,0.8214285714285714,46.9,38,-1,0.18587171837930494
560,55,0.1595959595959596,60.07272727272727,336,-1,0.1857729131735411
764,9,0.08333333333333333,75.0,20,-1,0.18564463921040597
231,64,0.21205711263881544,53.78125,516,-1,0.1853655952165162
254,84,0.32008431195423065,87.30952380952381,1217,-1,0.18531168954946797
187,54,0.4206848357791754,106.55555555555556,700,-1,0.1847196469006126
141,83,0.2595679012345679,66.42168674698796,989,-1,0.18447879533431694
987,12,0.803030303030303,71.08333333333333,77,-1,0.18411184424015592
147,50,0.41551020408163264,109.98,605,-1,0.18408014925107774
493,86,0.30478796169630645,85.62790697674419,1272,-1,0.18394874951498263
942,2,0.0,32.0,4,-1,0.18362650965473887
93,87,0.2523809523809524,73.34482758620689,1060,-1,0.18359603734530544
173,83,0.31790123456790126,89.60240963855422,1183,-1,0.1832733673056398
742,5,0.0,57.8,7,-1,0.18264786034910568
673,3,0.0,27.666666666666668,3,-1,0.18248503497749186
56,48,0.5516908212560386,67.39583333333333,660,-1,0.1824652035190763
864,1,0.0,106.0,2,-1,0.18225542531571187
844,3,0.6666666666666666,108.0,8,-1,0.1821078604528903
645,7,0.4,25.142857142857142,14,-1,0.18169948161405214
933,18,0.6833333333333333,36.611111111111114,114,-1,0.18067544209739916
132,63,0.40491803278688526,97.55555555555556,858,-1,0.18060850210686064
757,5,0.3333333333333333,22.8,7,-1,0.18041914279925592
576,19,0.4327485380116959,127.89473684210526,111,-1,0.1803287521346974
11,76,0.22917437985931136,57.98684210526316,752,-1,0.17949393299247757
479,6,0.3333333333333333,23.833333333333332,11,-1,0.17898005828534796
467,24,0.5144927536231884,121.875,187,-1,0.17815179778985663
285,89,0.31275060144346434,82.17977528089888,1333,-1,0.178082727643322
1001,10,0.8444444444444444,54.5,57,-1,0.1780604744862112
23,81,0.3427458617332035,87.01234567901234,1205,-1,0.1779504961617514
751,7,0.8095238095238095,97.42857142857143,31,-1,0.17765032879484294
740,4,0.3333333333333333,130.0,10,-1,0.17731847913563992
46,73,0.3907444668008048,86.34246575342466,1108,-1,0.17724234820828477
762,1,0.0,15.0,2,-1,0.1766862331883769
184,80,0.32334332334332333,91.65,1107,-1,0.17654220707337642
737,3,0.0,24.333333333333332,3,-1,0.17653337266597585
884,3,0.0,24.333333333333332,3,-1,0.17653337266597585
362,70,0.35030728709394204,99.15714285714286,925,-1,0.17628050059931222
59,53,0.52,63.132075471698116,761,-1,0.1762526742822797
365,92,0.28414481897627963,82.6195652173913,1309,-1,0.1761470315472352
938,1,0.0,26.0,1,-1,0.17580474645221295
290,83,0.28858024691358025,91.63855421686748,1088,-1,0.17555540784885248
57,67,0.4153846153846154,65.58208955223881,989,-1,0.17552019172285743
793,5,0.1,34.2,11,-1,0.17527417077340418
152,69,0.37041773231031544,96.8695652173913,997,-1,0.17520666389069728
925,19,0.7941176470588235,56.89473684210526,142,-1,0.17460160503240624
155,78,0.19080919080919082,72.87179487179488,717,-1,0.1743657103233514
255,65,0.3937532002048131,100.1076923076923,885,-1,0.17417789402513256
818,13,0.32051282051282054,130.76923076923077,50,-1,0.1740954431741074
859,74,0.38810641627543035,87.93243243243244,1129,-1,0.17373276140759103
906,5,0.4,136.8,12,-1,0.1737027639632392
193,28,0.7415384615384616,69.46428571428571,292,-1,0.17327913516705368
172,92,0.282896379525593,84.51086956521739,1303,-1,0.17260558363020478
281,61,0.4605493863237873,90.80327868852459,903,-1,0.17237529311869365
14,80,0.21578421578421578,61.625,791,-1,0.17174575456837926
584,4,0.8333333333333334,92.75,13,-1,0.17162498263091275
518,73,0.3790744466800805,93.1917808219178,1066,-1,0.17096317825062884
994,1,0.0,115.0,2,-1,0.1708551115509761
870,3,1.0,59.666666666666664,9,-1,0.17070872833809303
874,3,1.0,59.666666666666664,9,-1,0.17070872833809303
476,8,0.8928571428571429,74.0,41,-1,0.17057409228396625
449,1,0.0,12.0,2,-1,0.17018520174316232
603,1,0.0,12.0,2,-1,0.17018520174316232
916,1,0.0,12.0,2,-1,0.17018520174316232
550,27,0.5584045584045584,118.4074074074074,246,-1,0.16991923363098366
887,5,0.6666666666666666,25.6,8,-1,0.16880698226480406
718,6,0.8666666666666667,85.0,25,-1,0.16792865554958247
713,3,1.0,77.33333333333333,9,-1,0.16791081906720734
741,7,0.9,46.714285714285715,20,-1,0.1675281219707545
909,8,0.7142857142857143,121.625,35,-1,0.1673876083297915
839,2,0.0,100.5,4,-1,0.16736898695993352
7,72,0.28778467908902694,50.80555555555556,819,-1,0.1670389658671858
354,12,0.8444444444444444,44.583333333333336,58,-1,0.16697756772805417
962,2,0.0,16.0,3,-1,0.16690116280416445
881,1,0.0,120.0,2,-1,0.16675382511391046
348,4,1.0,60.75,14,-1,0.16615221963684162
929,14,0.7575757575757576,32.857142857142854,75,-1,0.16568150834592466
456,4,1.0,74.5,6,-1,0.1654867038192157
215,92,0.2229712858926342,74.54347826086956,1058,-1,0.16543177583229812
725,13,0.8333333333333334,78.07692307692308,90,-1,0.16541600830533454
137,85,0.3535116074052307,85.37647058823529,1360,-1,0.16514180958793845
878,4,1.0,58.25,14,-1,0.16509357564594512
721,7,0.9,44.714285714285715,20,-1,0.16508758699592535
799,7,0.19047619047619047,116.42857142857143,17,-1,0.16491123404988645
920,2,0.0,19.5,4,-1,0.1643148173495051
507,7,0.1,31.857142857142858,11,-1,0.16403021462179646
646,5,1.0,65.0,10,-1,0.16402340574977636
385,24,0.7922077922077922,74.25,228,-1,0.16394633214035564
620,4,1.0,76.25,6,-1,0.16372640611456546
295,85,0.22450778724654716,60.61176470588235,912,-1,0.16351323248869604
170,98,0.26535087719298245,81.29591836734694,1391,-1,0.1633517126457475
991,4,1.0,65.25,14,-1,0.16324389280495527
848,3,1.0,79.0,8,-1,0.16321423314940914
41,91,0.30771195097037796,88.52747252747253,1372,-1,0.1622805276933344
591,10,0.5714285714285714,136.8,33,-1,0.16194099395530337
709,3,1.0,49.666666666666664,8,-1,0.16190436322042734
230,23,0.5666666666666667,129.82608695652175,158,-1,0.1614186217779488
583,1,0.0,16.0,1,-1,0.16083930050268724
932,99,0.2712628865979381,81.53535353535354,1442,-1,0.1604134469361596
768,15,0.819047619047619,47.0,114,-1,0.16021652629031902
436,3,1.0,85.33333333333333,9,-1,0.16010867334594903
319,12,0.8666666666666667,80.58333333333333,59,-1,0.15938764388513393
978,5,1.0,64.4,20,-1,0.158774021135123
74,93,0.22808302808302808,67.16129032258064,1091,-1,0.15858318830107504
796,4,0.8333333333333334,107.5,12,-1,0.15837094349491593
911,3,1.0,87.0,9,-1,0.1571418696382681
145,71,0.3989769820971867,96.33802816901408,1062,-1,0.15664485594662175
836,6,0.3333333333333333,14.833333333333334,7,-1,0.15656971108639467
578,1,0.0,13.0,1,-1,0.15612280263954953
689,4,0.0,21.25,5,-1,0.15603668489944117
383,7,1.0,60.714285714285715,21,-1,0.15582749310738597
477,13,0.8545454545454545,44.84615384615385,70,-1,0.15577104824442728
637,5,1.0,41.4,10,-1,0.15522666599487833
419,101,0.24304267161410018,78.5940594059406,1361,-1,0.15502612971266588
432,7,0.9523809523809523,76.71428571428571,32,-1,0.1546907915916419
463,3,0.0,11.666666666666666,3,-1,0.1545207421195356
2,95,0.2978027115474521,72.37894736842105,1451,-1,0.1544824019823931
868,2,0.0,110.5,4,-1,0.1541649631202402
474,82,0.3541139240506329,92.34146341463415,1271,-1,0.15406252296547895
738,36,0.7076648841354723,73.22222222222223,464,-1,0.15282126554496905
4,96,0.31869137497140243,78.27083333333333,1570,-1,0.15266929915761268
730,14,0.3181818181818182,141.14285714285714,45,-1,0.15260852698369665
997,3,1.0,39.666666666666664,8,-1,0.15235473815786887
546,101,0.22139764996907854,75.85148514851485,1251,-1,0.15175393801094728
154,54,0.48868778280542985,103.55555555555556,739,-1,0.15171013298607355
898,4,0.0,18.25,5,-1,0.15162299777968274
780,1,0.0,132.0,2,-1,0.1515527696108201
976,27,0.7666666666666667,50.25925925925926,281,-1,0.15152235999474528
981,27,0.7666666666666667,50.25925925925926,281,-1,0.15152235999474528
334,21,0.7602339181286549,38.04761904761905,168,-1,0.15130967498850495
580,2,0.0,1.0,1,-1,0.15117502096164365
633,2,0.0,1.0,1,-1,0.15117502096164365
648,2,0.0,1.0,1,-1,0.15117502096164365
653,2,0.0,1.0,1,-1,0.15117502096164365
658,2,0.0,1.0,1,-1,0.15117502096164365
660,2,0.0,1.0,1,-1,0.15117502096164365
670,2,0.0,1.0,1,-1,0.15117502096164365
675,2,0.0,1.0,1,-1,0.15117502096164365
684,2,0.0,1.0,1,-1,0.15117502096164365
691,2,0.0,1.0,1,-1,0.15117502096164365
703,2,0.0,1.0,1,-1,0.15117502096164365
711,2,0.0,1.0,1,-1,0.15117502096164365
731,2,0.0,1.0,1,-1,0.15117502096164365
732,2,0.0,1.0,1,-1,0.15117502096164365
744,2,0.0,1.0,1,-1,0.15117502096164365
746,2,0.0,1.0,1,-1,0.15117502096164365
772,2,0.0,1.0,1,-1,0.15117502096164365
798,2,0.0,1.0,1,-1,0.15117502096164365
808,2,0.0,1.0,1,-1,0.15117502096164365
893,2,1.0,75.0,5,-1,0.1508069920964371
891,2,1.0,73.5,5,-1,0.1502636727632789
988,2,1.0,73.0,5,-1,0.15024187762734148
969,2,1.0,67.5,5,-1,0.15005785185959308
398,4,1.0,89.25,14,-1,0.14758796881468783
787,1,0.0,138.0,2,-1,0.14612169316536894
698,29,0.8091168091168092,64.58620689655173,338,-1,0.14589926254788943
903,3,1.0,34.666666666666664,9,-1,0.14577511759764805
524,1,0.0,8.0,1,-1,0.14551342751043084
626,1,0.0,139.0,2,-1,0.14547489404182623
959,1,0.0,139.0,2,-1,0.14547489404182623
960,1,0.0,139.0,2,-1,0.14547489404182623
961,1,0.0,139.0,2,-1,0.14547489404182623
735,7,0.9523809523809523,43.285714285714285,34,-1,0.14443879711851482
683,10,0.9642857142857143,67.9,44,-1,0.1440872029610636
382,5,1.0,88.2,20,-1,0.14392937438806142
767,6,0.4666666666666667,153.16666666666666,19,-1,0.14314912209356045
769,3,0.3333333333333333,149.0,7,-1,0.14307570040453843
44,106,0.25,78.67924528301887,1524,-1,0.1429941648806834
852,6,0.0,23.833333333333332,8,-1,0.1427580793058293
838,2,1.0,46.0,5,-1,0.1426835333372931
157,79,0.26144907723855093,49.44303797468354,909,-1,0.14205546782819423
989,4,1.0,33.25,6,-1,0.1415786114921077
366,106,0.24141150112023899,79.80188679245283,1475,-1,0.14157726104577384
995,1,0.0,4.0,1,-1,0.1415176787197031
927,13,0.8363636363636363,31.923076923076923,69,-1,0.14131090198067708
498,86,0.2021887824897401,55.0,893,-1,0.1412057180015318
843,2,1.0,44.5,5,-1,0.14093599072438112
549,81,0.166179811749432,52.839506172839506,641,-1,0.14059863677398632
873,2,1.0,44.0,5,-1,0.14041899996011364
634,3,0.0,4.666666666666667,2,-1,0.14019608074190637
279,10,0.5714285714285714,150.7,33,-1,0.13951587082880634
923,6,0.6666666666666666,13.5,12,-1,0.1393787205762269
133,108,0.23378256963162625,78.60185185185185,1503,-1,0.13823074595313734
631,4,1.0,31.75,6,-1,0.13789918587161576
806,7,1.0,40.0,21,-1,0.13780616350687247
865,11,0.9722222222222222,60.72727272727273,54,-1,0.13778727042353367
65,91,0.17288049029622063,60.81318681318681,839,-1,0.1376027466140689
788,3,0.0,4.666666666666667,3,-1,0.13737395530704277
977,4,1.0,30.75,6,-1,0.13726679495463046
954,7,0.8571428571428571,116.85714285714286,32,-1,0.13713750629540344
439,3,1.0,104.66666666666667,9,-1,0.13677932997216136
947,10,1.0,57.5,45,-1,0.1364632652214094
846,3,0.0,2.3333333333333335,2,-1,0.13638821952596647
340,107,0.2600732600732601,85.05607476635514,1607,-1,0.13600364652808694
628,8,1.0,42.125,28,-1,0.1358438906232915
766,5,1.0,30.6,9,-1,0.13501640980543772
396,14,0.9120879120879121,63.785714285714285,111,-1,0.1346607219920405
232,91,0.17288049029622063,58.62637362637363,839,-1,0.1333603190815309
625,6,1.0,92.83333333333333,27,-1,0.13230254041386413
752,5,0.5,166.4,15,-1,0.13028730064413274
825,4,0.8333333333333334,21.25,13,-1,0.129052822345044
613,13,0.05454545454545454,25.846153846153847,21,-1,0.12806485834346581
895,3,1.0,114.0,9,-1,0.1274257830555764
630,4,1.0,28.75,5,-1,0.12706223592934984
605,4,0.0,9.5,8,-1,0.12644097629066364
329,98,0.3350877192982456,88.03061224489795,1709,-1,0.12599607609271668
854,7,0.8095238095238095,136.0,30,-1,0.12545715745292085
473,110,0.19885773624091382,74.05454545454545,1342,-1,0.1251738232530658
411,106,0.2083644510828977,64.67924528301887,1313,-1,0.1251035003868397
755,1,0.0,154.0,2,-1,0.12406898422737256
928,1,0.0,154.0,2,-1,0.12406898422737256
968,4,1.0,27.25,6,-1,0.1235633248011535
410,11,0.7272727272727273,141.9090909090909,62,-1,0.12321943959702186
371,88,0.37400820793433653,94.0340909090909,1531,-1,0.1218969486152871
17,111,0.28593272171253825,78.5945945945946,1869,-1,0.12137920726595475
983,3,1.0,121.33333333333333,9,-1,0.12045524741072777
409,86,0.1285140562248996,54.395348837209305,605,-1,0.1196434624026046
966,2,1.0,107.0,5,-1,0.11962267441148933
801,2,1.0,110.5,5,-1,0.11746970974038617
632,5,1.0,21.8,10,-1,0.11203824996895106
940,2,1.0,116.5,5,-1,0.11031790382761197
677,2,1.0,118.0,5,-1,0.109246128060285
794,2,1.0,27.0,5,-1,0.10798653634416033
736,7,0.7,163.42857142857142,18,-1,0.10776384296843167
454,9,0.6944444444444444,163.66666666666666,43,-1,0.10752240433646221
494,116,0.17978574755472754,73.69827586206897,1367,-1,0.10703069097088547
759,2,0.0,153.5,3,-1,0.10657987724797291
414,12,0.06666666666666667,11.25,18,-1,0.10638336311430596
367,84,0.41132189099668776,97.55952380952381,1527,-1,0.10394591409722376
303,103,0.33584158415841586,90.2135922330097,1888,-1,0.10128124632902402
280,122,0.27408963585434176,85.17213114754098,2178,-1,0.10075808888936988
165,119,0.28190391983495433,78.00840336134453,2135,-1,0.10023622511582286
902,1,0.0,171.0,2,-1,0.09992549539384177
210,86,0.4067699368904188,99.12790697674419,1580,-1,0.09972790374163065
405,124,0.26825633383010433,82.70161290322581,2206,-1,0.09819617891820509
96,120,0.19947848761408082,66.55833333333334,1598,-1,0.09534629910609405
252,121,0.2767412049565589,76.44628099173553,2166,-1,0.09509343165328976
857,4,0.6666666666666666,179.25,12,-1,0.09491022155543871
743,5,1.0,11.4,10,-1,0.0948003118507802
820,130,0.23806594488188976,82.25384615384615,2169,-1,0.09295173264267975
81,113,0.30925470925470927,89.30088495575221,2093,-1,0.09260608901545764
153,52,0.555052790346908,115.8076923076923,832,-1,0.09101451332411492
782,3,1.0,145.0,9,-1,0.09100461007094507
842,2,1.0,137.0,5,-1,0.08884835383778655
333,135,0.2560947824105719,80.7925925925926,2491,-1,0.08820056975293478
28,105,0.34475537787930705,91.84761904761905,2007,-1,0.08805115893626425
63,125,0.2932160469145675,80.808,2430,-1,0.08751035036560184
58,126,0.2942564909520063,81.30952380952381,2477,-1,0.0867804056088286
21,138,0.24803921568627452,81.20289855072464,2520,-1,0.08521836485626044
424,134,0.23039555863983344,78.81343283582089,2241,-1,0.08474808529269717
6,115,0.15518331226295828,58.23478260869565,1201,-1,0.08311926695714189
282,137,0.24452554744525548,80.18248175182482,2529,-1,0.08250093445869588
83,141,0.2537795850276301,82.09929078014184,2691,-1,0.07862115046414053
142,141,0.2430403503284329,81.56737588652483,2584,-1,0.07813721225304959
355,54,0.581447963800905,115.55555555555556,870,-1,0.07564818050468713
594,6,0.9333333333333333,152.16666666666666,26,-1,0.07507689982793997
256,129,0.2967129108861392,86.0,2610,-1,0.07205090626625932
87,139,0.2731859167024474,84.99280575539568,2794,-1,0.07144101471838926
169,119,0.31108163866784555,89.2016806722689,2336,-1,0.07129464163198707
106,142,0.25107913669064746,78.23239436619718,2692,-1,0.07096014328369615
115,131,0.2915455426356589,86.90839694656489,2647,-1,0.07004125711138542
420,138,0.17327832434147888,72.19565217391305,1895,-1,0.06917582073603135
283,142,0.2643371017471737,84.14084507042253,2833,-1,0.06866386958964477
702,2,1.0,160.0,5,-1,0.06426446077885117
84,132,0.13559928443649374,61.18939393939394,1359,-1,0.057585004527097805
105,146,0.2608780108780109,83.1027397260274,2944,-1,0.05700368311964965
971,97,0.05442329227323628,39.123711340206185,409,-1,0.05442757770350848
693,5,1.0,171.2,20,-1,0.053491569040336584
128,146,0.26204351204351206,84.95890410958904,2964,-1,0.05186364795040488
114,142,0.27913669064748203,85.36619718309859,2985,-1,0.05159770663237173
212,121,0.3288705312633528,91.28099173553719,2527,-1,0.04989937209464268
211,154,0.2177588009759498,73.94805194805195,2780,-1,0.04708203221244256
301,131,0.10392441860465117,59.36641221374046,1095,-1,0.04606853878843664
834,1,0.0,221.0,2,-1,0.039171300265288034
377,139,0.14544869042507513,52.0,1600,-1,0.03278036364995418
533,157,0.14429201371876532,67.86624203821655,2052,-1,0.030163791540083862
853,1,0.0,233.0,2,-1,0.02972397368939017
792,1,0.0,234.0,2,-1,0.029584348167091212
821,2,1.0,199.5,4,-1,0.02092211661082899
724,2,1.0,205.0,5,-1,0.018168851164092725
129,164,0.2200751476113795,77.27439024390245,3171,-1,0.017767880854698936
64,170,0.13159395494724835,65.88235294117646,2170,-1,0.012763232682536318
183,173,0.20275197798417613,75.75722543352602,3269,-1,0.007952848761267117
166,177,0.17438423645320197,72.7683615819209,2973,-1,0.00582396362569626
