node,pagerank,betweenness,degree
160,0.009070948495026506,0.08741473493638795,347
121,0.0060687854256318025,0.027841538825800698,234
82,0.00603070533684081,0.027880741135114222,233
107,0.005838096043249359,0.024340312182693967,221
86,0.005721519612322318,0.03778853269115196,218
62,0.005431615979850882,0.022509845192539162,216
5,0.004914163734511238,0.030994686545277747,171
13,0.004589938693459019,0.023564989570690153,180
166,0.004551665116200685,0.01763937358965175,177
434,0.0045327987830447985,0.01541270964473699,185
377,0.004445829162382101,0.023174608236649356,139
64,0.004406703599967056,0.021923722805463768,170
211,0.004302501132520551,0.019247352067020603,154
183,0.004236487670978143,0.012308914525266232,173
129,0.00419516224136028,0.013624938800935103,164
249,0.004062091257863867,0.010178739243387126,168
533,0.004045205487994196,0.01886293736277732,157
84,0.0037323839553283764,0.018568969262396474,132
21,0.0036625451132120445,0.011596720941024711,138
128,0.003625300544256988,0.009738106210057986,146
106,0.0036243901224623553,0.010076144272750038,142
283,0.003515375577096659,0.008083387872590105,142
105,0.0035063446144321508,0.006103449650538311,146
87,0.0035028633827757613,0.008362345766572611,139
114,0.003501190014115896,0.009552220268110338,142
420,0.003496596900626788,0.009647319235550079,138
333,0.0034749737457311016,0.012253214163546555,135
83,0.003474868625798336,0.007014955857694042,141
142,0.0034434085827145865,0.006135103101108319,141
282,0.0034278820530843942,0.0071875088295410994,137
301,0.0034070551210303884,0.01208527563756051,131
820,0.0033514720563731794,0.011119168263752501,130
96,0.0033491637185480076,0.012037209410495435,120
424,0.003298338461571041,0.006444255593078669,134
405,0.003261297209129894,0.009499639815981755,124
115,0.003202157105657289,0.008255708676372719,131
411,0.003187554086950644,0.014344729818609686,106
256,0.003152692693111034,0.005235082427486973,129
971,0.0031474042120219585,0.016697669656032296,97
6,0.003145906944197701,0.012386641327812708,115
63,0.003140312454549859,0.0075831769928197375,125
58,0.0031358471155764553,0.006918218893256614,126
280,0.003073303459170146,0.00658373120524176,122
252,0.0030661440312877743,0.005586490786981388,121
165,0.002927659329714443,0.00550141022682561,119
212,0.0029061682950181794,0.0031425821131419924,121
494,0.00289213497712108,0.006424132355416991,116
65,0.002857246564540259,0.0124732596246624,91
169,0.002848650091726677,0.004025157269191103,119
340,0.0028339372958392445,0.0086408631345824,107
81,0.002831241778873649,0.005787030957906555,113
44,0.0028065274760500736,0.010993496752490749,106
17,0.0027676670389268194,0.005220689408697425,111
473,0.002745824128254967,0.005114327936430908,110
546,0.002729849257735907,0.00904428415989431,101
133,0.0027263273392971518,0.005658987077483428,108
366,0.002709238987188321,0.005281237764467528,106
303,0.002625238382112477,0.00514603207446051,103
2,0.0026046348281840797,0.006569719907493448,95
28,0.0025876290104658315,0.0051208380779971556,105
419,0.0025707721150193437,0.004553148984097052,101
170,0.002537549313472215,0.005781468242991733,98
4,0.0025264401879905776,0.005547474395328747,96
295,0.002524087255469881,0.008044494407182171,85
232,0.002507889620041121,0.007396499790075322,91
215,0.002480767751224738,0.006024273245782204,92
329,0.002474003936238849,0.004560113092186246,98
932,0.002449719521313945,0.0024450361470315695,99
74,0.002443117835030706,0.004400969136447462,93
285,0.002441920433612065,0.006263645276970732,89
498,0.0024199207130268046,0.007929686710701926,86
157,0.002388184778873712,0.005189698947763412,79
137,0.0023836898890799495,0.006003007487442056,85
290,0.0023396459846305433,0.0067350115173256935,83
209,0.002335457043744099,0.006711384441547778,85
393,0.0023276492944985946,0.005880613210261664,84
172,0.0023260463435173977,0.002948443590194816,92
493,0.0023235443547247304,0.005244545768070325,86
365,0.0023179086341637177,0.004168664646109086,92
549,0.00231084647855332,0.0042469835353123805,81
41,0.0022984263210046882,0.0034345995674086765,91
269,0.0022813821982389636,0.006750890229553918,84
409,0.002275809765950554,0.0049100323188863955,86
189,0.0022743255470276526,0.004978389668799227,76
141,0.0022499729268871823,0.005560762944331582,83
93,0.002248894078584231,0.003575335896862333,87
180,0.0022361105573080703,0.0051326876173651255,83
495,0.002232975965489389,0.005921483980760152,80
404,0.0022109013627762057,0.004378554211929379,84
113,0.00219314952333505,0.0036386120534005134,87
173,0.00218362511694043,0.004111521243203796,83
371,0.002182956036382961,0.0023152734937522917,88
14,0.0021662685314650394,0.0037259048237517503,80
184,0.002136036735207315,0.004833967858115966,80
438,0.00211737722860172,0.002793889133776371,84
210,0.002114793306939448,0.002427284285749186,86
412,0.0020998281485202735,0.0056889762495845875,70
342,0.0020974404015133073,0.003422014842071425,74
191,0.002095597167267454,0.008710280050409825,62
231,0.002065660544183597,0.006069148819220547,64
155,0.0020656276575003697,0.0035838705527589,78
11,0.002064338143998903,0.003946128597153383,76
168,0.0020635426763459036,0.003233862188709436,77
367,0.0020593492675168735,0.0026972151750438702,84
474,0.0020553696622739467,0.0025670306199541827,82
116,0.002046640406146639,0.0021576311165323087,83
254,0.002040107408579608,0.0013240279701835524,84
23,0.0020358009770721813,0.003255794326109252,81
20,0.0020319570887596845,0.003890007789674941,74
300,0.0020063097574642553,0.0032098730550765547,76
7,0.0020020944919277666,0.002817676381240032,72
459,0.001985132583789449,0.0028199354109000193,73
440,0.00197387274552899,0.004470614426043946,71
450,0.001934185158220224,0.0022399339454462295,74
61,0.001929898593343095,0.003462312266691446,71
57,0.0019146934283274589,0.003102078796181446,67
271,0.001903410166090926,0.003395861408265554,70
859,0.0019031399868383895,0.002226455516024296,74
222,0.0018991723609223924,0.0024141939869352547,72
145,0.0018956041880607774,0.0031111743371006755,71
19,0.0018905950987648935,0.0036325777454095714,72
258,0.001887382708789351,0.005720254360769703,59
89,0.0018836612729160236,0.003119072068255755,71
296,0.0018724071840000838,0.0016110648965212183,73
167,0.0018713740777932916,0.0016006993499095789,70
16,0.00186960786301669,0.0014901931148092915,74
486,0.0018667354692425385,0.0020004555487390845,74
375,0.0018629897425705682,0.00367300374254413,67
174,0.0018469930318065191,0.0018649438154221612,73
46,0.001841761783370381,0.0018927615817391713,73
80,0.0018363323208864532,0.001977695241379912,72
518,0.001834298025239598,0.0012684599894045598,73
3,0.0018332174392173863,0.0016535722578745193,71
42,0.0018319059866554843,0.00106504985092604,75
506,0.0018316483358553804,0.005260409109844561,63
69,0.0018291926327517337,0.0032033205879316434,64
51,0.0018264063364603566,0.002198051319456167,69
218,0.0018087825126009388,0.0021591697524139305,68
856,0.0017917652298881774,0.0026919271652052724,68
417,0.001788059603087963,0.0034114727058386168,65
321,0.0017664020184797995,0.004344900879161331,57
362,0.0017658694894812205,0.0018164307310496672,70
206,0.0017558064550580528,0.0028124581582492873,61
560,0.001750900963492155,0.006012437271288464,55
152,0.0017448381392517714,0.0011512738495549077,69
263,0.001730578955673771,0.0032761317310270764,64
526,0.0017296398647027307,0.00242835746982422,63
181,0.0017266457006846294,0.0019270342871284187,61
30,0.0017208445060822985,0.0016935047980990423,68
162,0.001715636729943008,0.002023946951687025,64
12,0.0017150643281634275,0.004715058600120529,58
401,0.0017144172721531487,0.005175976794089581,51
27,0.0017125193468837704,0.003116899060788325,63
233,0.0017074036850711627,0.0017307112887185328,66
509,0.0016987658800879674,0.004163046951153116,55
255,0.0016958091211226175,0.002741806289530162,65
305,0.0016769763459444564,0.001345742774257522,62
812,0.0016706448606415335,0.0022350642808559745,62
338,0.0016664643513141638,0.0015740180934052585,63
455,0.001652789112416468,0.0011544906210704704,64
408,0.0016436232599812794,0.0028590508386748445,56
615,0.001629464409472424,0.0018008317996493792,62
358,0.0016286853217496234,0.00154153764598655,55
351,0.001621485045359731,0.001463060283974386,62
376,0.0016127208957289361,0.00403200335626062,51
221,0.0016103729728419091,0.0012624796147907235,61
226,0.0016067961981167797,0.001424019867058333,63
132,0.0016021600890971134,0.0010555118239847245,63
466,0.0016014106974250623,0.0031175411575171228,53
426,0.0015981213539275558,0.0013932941226239342,60
131,0.001592929082656107,0.0014090905847797936,60
379,0.001590889911030124,0.002174091693478711,54
40,0.0015750246090755152,0.0012697538133531728,60
281,0.0015713793688620237,0.0009033977049711626,61
177,0.001560284562187568,0.0033234904114378574,54
179,0.0015535933586902076,0.0023704161125044586,55
318,0.0015315629409245407,0.0011334030083354114,61
18,0.0015312949343487745,0.0030757458345746745,56
339,0.0015291804282826734,0.0008326148551914831,60
306,0.0015267942021359804,0.004701540463207286,50
48,0.0015225875032186852,0.001239702944803319,59
60,0.0015200982278619616,0.0006586527259581002,55
499,0.0015155909274569318,0.0013729119909352684,51
278,0.0015120976377683802,0.0014935761835360322,56
163,0.001505106171781408,0.0025574912213097486,52
223,0.0015037555829876944,0.0009737883242429675,58
320,0.0015036488791219916,0.0018943311639871732,50
35,0.0015023415677683878,0.001414570520758016,59
443,0.001499777946990053,0.0048207253866175935,55
441,0.0014979772252918981,0.0018372345103298627,55
513,0.0014951648018253372,0.0015972036139771384,56
29,0.001492448569633864,0.0014187368494272936,58
201,0.0014758127793521969,0.0009100173313109172,57
520,0.0014757122465726752,0.0013834375578283176,55
353,0.0014688296569331585,0.004274389347055495,43
612,0.0014660252296721426,0.0013792708020451655,56
430,0.0014606953604835975,0.0021734668301248363,54
15,0.0014574672416746278,0.0022165782904305037,52
363,0.001453879045119768,0.0007430294161483166,57
199,0.0014525369591788851,0.0015181274122008067,51
243,0.0014492500591343728,0.0017385164036267818,53
103,0.0014406282239089532,0.0010302842015170784,52
59,0.001433723467045562,0.0006158344070768875,53
214,0.0014329278409716375,0.0012857605426801128,53
234,0.0014318366094180765,0.001989535985340222,51
1,0.0014259510042902283,0.0011950876146088476,52
427,0.0014217181051536772,0.0008743759063048846,57
421,0.001416621341021314,0.002357596436662235,52
460,0.0014084932246164316,0.0010545000555910696,54
213,0.001407166124023593,0.0010104087370896488,48
414,0.0014031577240331198,0.006476444164688423,12
272,0.001401197398446095,0.0018460110459629668,49
316,0.0013878413734271736,0.002108345689231203,47
314,0.0013834319334908923,0.001303659540285809,52
208,0.0013814648151319118,0.0009119327352549227,53
238,0.001381254009454185,0.003329614212462244,45
543,0.001381183282725571,0.003851217497910848,43
187,0.0013782183886690597,0.0004121395386551639,54
38,0.0013727984369846392,0.0028223677473619094,47
154,0.0013681404197180458,0.0004993451545251268,54
531,0.001365406140861549,0.0008166808146793393,53
45,0.0013588447508265005,0.0018663040427111825,48
452,0.0013580103752385583,0.0025273302433485734,42
182,0.001357559272185305,0.0007934811813203133,47
158,0.0013561520142314197,0.0012433895441740714,49
54,0.0013521465023140595,0.0004836062277410433,51
425,0.0013517191042820799,0.0021139284510954324,37
164,0.0013477904157027476,0.0018375154341104495,48
245,0.0013453889285518898,0.0007754001288599728,53
153,0.001344772116267688,0.0008529027632324766,52
236,0.0013446106442959078,0.0007013094342080119,52
525,0.0013383848204536492,0.0008332315994837421,45
380,0.0013381021431283801,0.0026162643439694043,42
482,0.0013340644059521563,0.0013311016354315313,47
124,0.0013330604484133898,0.0018322709561230948,44
95,0.001331919452828006,0.001853919069275558,48
809,0.001329645169738946,0.001095225140988362,49
143,0.001329247550087031,0.0006903414180643075,51
355,0.0013281777458418798,0.0005448127440818175,54
92,0.0013269532656570307,0.0024530554753749924,44
537,0.0013251018720412517,0.0024341473785775346,46
261,0.0013237629778115345,0.001100963345169846,50
458,0.0013226833900739621,0.001073138935181759,49
56,0.001312683129331998,0.00045868777403926714,48
47,0.0013093041418122497,0.0008163685975087617,51
390,0.0013067651226633939,0.0007224144011128486,47
464,0.0013062420801742453,0.001198817900263377,49
368,0.0013057390982614244,0.0012538170767905643,47
356,0.0013028161852492513,0.0004005912534360327,51
10,0.0013026316608832494,0.0010841315897062087,47
147,0.0012966579446201647,0.0004768925176540368,50
389,0.001286668066249799,0.0012514287039880024,45
685,0.0012841062447547808,0.0004340882544715617,48
504,0.0012840605727611793,0.0013055093819992214,44
55,0.0012816828586801848,0.0023605608411651938,43
483,0.0012785284643425728,0.0013394438805274553,46
373,0.001273156790992026,0.0015864167963530879,46
481,0.001268213521874444,0.0012029758274053636,46
309,0.0012677241022772197,0.0007216235549764546,46
361,0.0012649613763104808,0.0005352007492843766,50
284,0.00126440827155708,0.0012343210130963103,44
194,0.0012566715130046162,0.0006031223797564773,46
31,0.0012547965824590683,0.0003986822881947071,50
462,0.0012546965624320797,0.006020948055685111,32
108,0.0012521847990062964,0.0012383782159563837,43
515,0.0012505148368807456,0.0009509220679089523,45
661,0.0012491424690423496,0.0012653518825459275,45
100,0.0012490495358319447,0.0015984525870277038,41
68,0.0012402578272920827,0.0004188924028952438,48
94,0.0012286698803837784,0.0006487682206831184,44
569,0.0012251352796088279,0.0006686151803210185,41
0,0.0012241295199045864,0.0011237189217191091,44
593,0.001223977868223803,0.0008104525918706613,42
286,0.0012235860450553436,0.0004597113032734129,46
140,0.0012169461495442967,0.0015451540523773483,41
357,0.001216013358224576,0.00040517632069569074,47
950,0.0012131637598723484,0.0011095111828940535,45
24,0.0012121974705968106,0.0015298632660427467,40
381,0.0012093894372442542,0.0027108997490223005,35
707,0.0012064840678459947,0.0009127212502806065,40
9,0.0012025577966280013,0.0002803031336258707,40
480,0.0012014738506494179,0.0006194752356713737,46
478,0.0011966764152850327,0.0009664511400247358,42
448,0.001193058939924376,0.0013866344570988326,41
422,0.0011859111008725885,0.001129690456797088,45
151,0.0011829079478078157,0.0003996910296834344,46
326,0.0011762680328587147,0.0022580788972136733,42
79,0.0011750251744013576,0.0006346710441753083,44
161,0.0011744411001704583,0.0010682358759226162,43
397,0.0011741653409615463,0.0014801258183752132,38
387,0.001167732768396666,0.0008479537819357767,41
171,0.0011610503421229626,0.0005548534558739575,45
139,0.001158093596935738,0.0011354922332713923,40
963,0.0011580341261284962,0.0007882357016947076,42
265,0.0011537407432290225,0.00046667782365391106,39
36,0.0011462913715729558,0.00039794976213968977,45
395,0.0011434066322228756,0.0005715793900500132,42
242,0.0011432295787712921,0.0029063429520061156,34
327,0.0011408929220160578,0.0032418542762262703,33
53,0.0011347437461156043,0.0007326271819307704,40
253,0.0011343999826880797,0.0005776393936812026,42
552,0.0011318539546340415,0.000254004346950339,43
130,0.0011242681880264697,0.0015430928904971418,37
150,0.0011237541691277348,0.0005047697770486702,39
592,0.0011185426131242152,0.0009751291232085285,35
437,0.0011173940721881223,0.0003646353086301772,41
288,0.001112895306825131,0.0008608048159471416,40
85,0.001112263529775918,0.0009638445394819427,39
178,0.001112238221974137,0.000733484835818732,36
490,0.0011047151966421015,0.000376957677364346,43
264,0.001099966330047237,0.0007573329294545393,38
188,0.0010981005182077825,0.00033277977161196573,41
203,0.001097386235239303,0.0006040734976518544,39
159,0.0010950186530796603,0.0010241673986234809,38
308,0.0010940389404952566,0.0008406271118407859,41
198,0.001092179125336413,0.0012844662406467204,38
423,0.0010914190426676489,0.0005594656878502528,41
66,0.0010909799960727164,0.0009841976200772944,36
529,0.0010895244513085647,0.0005559439029923867,37
275,0.0010877979282889034,0.0011703617132757715,36
400,0.0010815384719372913,0.0006187410200751894,39
88,0.001079243927115725,0.0024000821502391696,33
748,0.0010764762301652716,0.0028813401757284795,34
564,0.0010753941494399991,0.0023335636246246514,34
323,0.0010729040217428605,0.000947726006451275,36
747,0.0010716481306680833,0.000648691269309825,39
370,0.0010689277503194749,0.0019912855904223887,36
292,0.001066597279418724,0.0006592863862979355,38
654,0.0010605196259476737,0.0007100828641510106,38
8,0.0010592986261601352,0.0005568286780498614,37
268,0.001055886404753893,0.0005977075720877187,37
311,0.001052184242616174,0.00063809022458885,36
601,0.0010486743229448643,0.0006799839993216075,38
337,0.0010377807010319474,0.00035804551736126763,40
195,0.001036345606335978,0.00026679191025974096,37
204,0.0010304671727417204,0.0003537876665469611,37
200,0.0010264421342542512,0.0005139567417262933,36
359,0.001026295835673846,0.00021455139693259107,34
197,0.001024300580811806,0.0005091239475888518,37
37,0.0010196418506762664,0.00039545369755896327,37
936,0.0010151701773415587,0.0025891585877393913,27
176,0.0010117546124624112,0.0007082837023848974,35
544,0.0010094156342546107,0.0026316927962697968,30
250,0.0010041378902574984,0.000437348980838001,35
394,0.0010039798586610432,0.00023748101571276006,34
429,0.001003138965140809,0.00045798843462037717,34
251,0.000999250153952621,0.00030887848866439807,38
135,0.0009962779132422807,0.00030723596067609905,38
489,0.0009952703948558671,0.0006667754056537081,37
580,0.0009950248756218905,0.0,2
633,0.0009950248756218905,0.0,2
648,0.0009950248756218905,0.0,2
653,0.0009950248756218905,0.0,2
658,0.0009950248756218905,0.0,2
660,0.0009950248756218905,0.0,2
670,0.0009950248756218905,0.0,2
675,0.0009950248756218905,0.0,2
684,0.0009950248756218905,0.0,2
691,0.0009950248756218905,0.0,2
703,0.0009950248756218905,0.0,2
711,0.0009950248756218905,0.0,2
731,0.0009950248756218905,0.0,2
732,0.0009950248756218905,0.0,2
744,0.0009950248756218905,0.0,2
746,0.0009950248756218905,0.0,2
772,0.0009950248756218905,0.0,2
798,0.0009950248756218905,0.0,2
808,0.0009950248756218905,0.0,2
447,0.0009939754724525632,0.0004617136661785575,32
336,0.0009927629134367346,0.0005489534939432443,37
52,0.000991140229228318,0.002829071509266525,26
126,0.0009890054558376084,0.0004415275388419593,35
548,0.0009829555947482693,0.0005358030997275337,36
266,0.0009809597130691005,0.00046992717314446966,33
350,0.0009708292628174714,0.002398141880516933,25
123,0.0009700936174869193,0.0005136606231266631,36
738,0.0009691547428265313,0.0001053461140253749,36
508,0.0009675874142349532,0.0002246183378075231,34
322,0.0009627948579771195,0.0016016303436137236,28
325,0.0009620623300972608,0.002550620192262656,29
91,0.000960873605696047,0.0007084159308872167,31
196,0.0009600288934949559,0.0002877252026452189,35
700,0.0009593199288404381,0.00035545488046450274,30
262,0.0009581837953613207,0.0011712116927359508,28
39,0.000956085752716221,0.00023551282896259071,36
259,0.0009516003244737,0.00048107987221949924,31
26,0.0009491583327602047,0.00024480314839640625,35
104,0.000940226188661219,0.00013001357559910774,33
562,0.000937388555840951,0.0005442378652056958,32
190,0.0009344185803210537,0.0002552045745329948,34
406,0.0009296726044619707,0.00038408697986263624,30
332,0.0009279880576394425,0.0006559009218962605,28
32,0.0009272290903036942,0.00013100035331419784,35
273,0.0009251268545104187,0.0004105908350429685,31
125,0.0009242871542533185,0.0007446394007538701,29
453,0.000923607224112312,0.000512745582931915,34
149,0.0009197338902579316,0.000538524809700191,30
608,0.0009173260294768113,0.00022548616347285654,30
335,0.000916841405188259,0.0007575249829185612,26
607,0.0009159692156349476,0.00022448712534049647,33
138,0.0009114051251874158,0.00022400754363073158,32
845,0.0009091359773872915,0.0003646392139040443,32
229,0.0009079625717458572,0.0005280079746497537,33
118,0.000907111554614601,0.00039252634922117615,32
205,0.0009063834114463422,0.0004046043488070662,31
25,0.0009039206582156919,0.0002177655931512821,33
304,0.0008991028364619107,0.0005310115100409503,31
146,0.0008981223605422357,0.00050302851025698,30
611,0.0008978156850255244,0.00214610355284875,26
428,0.0008966007190374201,0.00020261247165483367,29
776,0.0008963815243621163,0.00030227585361579097,30
444,0.0008957965883501483,0.0002542230975953079,33
581,0.0008942113293244882,0.000377510660084667,32
73,0.0008940675310312165,0.00041335491808432194,31
237,0.0008928823785185951,0.0003259566243210607,31
134,0.0008921471721048004,0.0008771141294192168,25
101,0.0008828847485403787,0.0005249283027992736,29
360,0.0008776013594046019,0.0006273763331054739,30
880,0.0008769753933553128,0.00018392934916495028,32
754,0.000876531931365736,0.0004553645300534693,28
655,0.0008756256099414726,0.0003420341712038159,32
896,0.0008749318597008795,0.0003055127927328403,32
99,0.0008748380109291222,0.0003381441703192643,29
156,0.0008736507962048034,0.0007610193897643947,23
828,0.000871655087754733,0.0003956042711297261,29
352,0.0008681844726235167,0.0004394008299161221,28
310,0.0008656715020646639,0.00024074987148759133,31
372,0.000862712802382344,0.0002592749315329709,31
457,0.000860079353515297,0.00034271918721728964,29
568,0.0008600183302246814,0.00018071411148508506,30
407,0.0008596770328360066,0.000303617379686591,27
418,0.000858613835276851,0.00014206424791651966,30
671,0.0008577543264471782,0.0001507729360108422,30
667,0.0008573221519759338,0.0002536274960110121,30
777,0.0008570268533310149,0.002270515497127975,21
413,0.0008548733133401293,0.00012217217977137013,30
445,0.0008507636105795289,0.0004544945895654106,29
127,0.0008492782304103367,0.0006487639639704995,28
312,0.0008473235103507253,0.0006005224727095548,29
695,0.0008442574506682034,0.0005300216593544214,29
216,0.0008440372259251544,0.00028375890391586604,29
207,0.0008435333407044885,0.00022726798119198635,30
813,0.000842420609320935,0.0008069001520903854,24
34,0.000839373575533886,0.00011526841038470759,31
388,0.0008392109533798999,0.00011730527414893549,29
33,0.0008380148350899164,0.0002306047334583447,30
122,0.0008367476027573968,0.0002984518452202655,27
461,0.000833643874455622,0.0002640326260582469,26
185,0.0008333116847917326,0.0003189566871754015,22
345,0.0008330144902219036,0.00016856037171491118,28
90,0.0008321772882579495,0.00034979376572693476,29
186,0.0008317706073715805,0.0001250279041002261,31
917,0.0008312747737773663,0.00013536157196046306,27
918,0.0008294612354653359,0.00014332692148126476,28
492,0.0008279948052071314,0.00027399153616216156,30
485,0.0008267956499550635,0.0003161080436818136,30
225,0.0008257527464170467,0.0001166734104847817,30
299,0.000823490018635759,0.0004352790964761215,25
291,0.0008210224383394924,0.0001443245445556973,29
446,0.0008200226958445206,0.0002692885992922997,27
572,0.0008196182311187323,0.000752783130047828,26
346,0.0008192773527044117,0.00016587759220523178,29
547,0.0008174470715347293,7.926007638828183e-05,30
347,0.0008161552060477485,0.0004218102012862848,26
193,0.0008159276805941208,0.00010053706479773473,28
699,0.0008158630790019926,0.0003828438718022586,26
847,0.000815805704342903,0.00021873570098313041,29
349,0.0008140541220083462,0.0005048589341886553,24
908,0.0008132758418219455,0.0001822663766864532,28
698,0.0008129849494553559,2.0668737247879102e-05,29
97,0.0008128601730731699,0.0002341287724216798,25
590,0.0008109451590731937,0.00017807935651187448,29
823,0.0008054077124606486,0.000320074585624582,25
665,0.0008049891472976943,0.00014429078937562882,29
470,0.0008005229014049496,0.0004755171024425939,26
756,0.0007969541726028043,0.0004396284465652475,26
248,0.0007961006267676923,0.00021843068847621084,26
900,0.0007952309337975399,0.00033343097986633603,27
681,0.0007943333107850301,0.0007983553409589856,24
832,0.0007902219513070206,0.00012464733480275987,27
502,0.0007881149533128487,0.00012342164461440826,25
826,0.0007878398679147595,8.542130068985905e-05,27
244,0.000785967972677829,0.0001481871900257438,28
602,0.0007846932173565135,0.0002507655838471518,26
98,0.000782512653564083,0.000249560485507888,25
720,0.0007812997469007322,0.00011611988260541221,25
102,0.0007784026697180757,0.0011998506501754947,23
217,0.0007777531220298181,0.00033790794088841544,24
913,0.0007762745004047543,0.0005246851194363089,21
230,0.0007759232849597492,0.002517299163284629,23
442,0.0007756299481723484,9.96963891345661e-05,28
511,0.0007755793805898228,0.0006964838178693001,24
136,0.0007754955536937411,4.368852641828195e-05,29
922,0.0007719431336197601,0.0005114641299264039,25
378,0.0007715869805611752,5.0950646827515335e-05,26
521,0.0007714702013049339,0.0023049896421194174,16
976,0.0007691146632656758,4.074871349319185e-05,27
981,0.0007691146632656758,4.074871349319185e-05,27
433,0.0007648037749105028,0.00015295800068642652,25
638,0.0007641692022613822,0.0003318709220676581,26
496,0.0007630739244498442,0.0004289086818360328,25
550,0.0007609080386207769,6.524108990230821e-05,27
545,0.0007582467037165598,0.00025983157070578203,25
294,0.000757832858126545,0.000245102112381428,25
235,0.0007528320742794326,0.00032289997485249205,24
641,0.0007474457300531563,0.0020787923615811898,20
77,0.0007462678083691388,0.00018412514377285692,25
523,0.0007423419468523954,0.0010093374508068113,19
586,0.0007422252949652784,0.0001376564791427512,25
192,0.0007408747650108564,7.866931301087608e-05,23
566,0.0007387302232869218,9.338369404503792e-05,22
331,0.000731488933017125,0.0003070486666061149,24
563,0.0007299041890427785,0.000445483380514675,21
385,0.0007285938413959861,5.676006770677612e-05,24
274,0.0007269932389004243,0.00032711023449260023,23
519,0.0007265876937258465,0.00024176401062567078,23
307,0.0007261922735409971,0.0003752051535507686,24
892,0.0007245633330476382,0.00039339889630045247,23
317,0.0007241946926386603,0.0001210149044314261,24
851,0.0007241063020116846,0.0024437879488949433,16
714,0.0007233390835989672,8.131512159961535e-05,25
435,0.000722961162166589,0.0012611538590638004,16
666,0.0007209671234348098,0.0003814932234158635,24
949,0.0007207129731863989,4.7543634274735065e-05,25
860,0.0007204266876696318,8.301961992127896e-05,24
277,0.000717489255266772,0.00017490020303838376,23
431,0.0007166273469275307,0.00014817668689232777,25
516,0.000714300954343181,0.0024349101791628996,15
589,0.0007112243196968838,9.18272092244162e-05,26
467,0.0007056981300056086,0.00010571677734456292,24
374,0.0007043882297511039,0.00018659822685618773,22
260,0.0007030300944864885,0.0001487818664712367,23
287,0.0007023534966655439,0.0001684812555118357,22
241,0.0007010051333780146,0.0002491210267731155,23
500,0.0006973670074574386,2.1928756518364904e-05,21
579,0.0006973647642060294,0.0001572066211314979,22
816,0.0006957422051075417,0.00012011158142820878,23
76,0.0006946549622496241,0.00012096653028457602,24
588,0.000694372314244062,0.00018782139196262023,24
822,0.0006929830551181325,0.00021836641638622162,22
334,0.0006890366388671053,0.0001364739665852311,21
78,0.0006880197373551105,0.00011042767573489598,23
302,0.0006832307078804527,8.337169330531072e-05,24
344,0.0006831890467242423,0.00013828158650109522,19
392,0.0006790984405077657,0.0001705107363639373,22
570,0.0006771296940087503,4.458807837498363e-05,21
484,0.0006759893462515709,0.00018214817052606194,22
293,0.0006755878270427276,4.57251447626943e-05,22
510,0.0006743061169235611,0.00012073232313009699,22
343,0.0006706755225196205,0.0001903790421962843,22
391,0.000667642212069086,0.0001506456032368518,21
551,0.0006672478109630434,0.00023886714204130334,20
765,0.000666474905297049,0.00017245431129254594,20
914,0.0006661216144770137,5.743391871456165e-05,23
240,0.0006652776265439345,8.772009947261737e-05,22
541,0.0006652068400613264,0.00019228471200805094,22
148,0.0006648316871566518,0.0001675157361505172,20
468,0.0006642531333684462,0.00015694708611509186,21
228,0.0006637568310130002,9.246571411492043e-05,22
491,0.000662488789754696,0.0002470737575270476,21
753,0.0006591469651639413,0.00012388095781310906,21
674,0.0006547452750862713,3.704634915275394e-05,20
708,0.0006536548943231904,0.0001580840527718308,20
112,0.0006527746099817399,0.0001601143621797358,21
328,0.0006518760819906313,0.00013205895019202364,21
733,0.0006508100924189613,0.00044439469601193507,15
324,0.0006498660739939554,0.00034376631326491945,19
75,0.0006460203223067993,0.00011658215325317635,22
267,0.0006457119334412445,4.5790050419513833e-05,20
297,0.0006446852507831672,0.00022426969100253265,19
690,0.0006422604449979307,8.435936870437871e-05,22
990,0.0006411635537750934,0.00012790156210218452,20
573,0.0006397504765807769,9.752263997343851e-05,21
640,0.0006370116404124195,0.00012467671965459267,19
257,0.0006363490986174458,9.174964627391811e-05,19
710,0.0006351823366625845,0.0001461008024749705,20
803,0.0006301695889468079,7.023918480482646e-05,20
246,0.0006297979669808173,8.172246228458042e-05,19
662,0.0006249266847325526,0.00014168087498210366,20
487,0.0006237736475199915,0.00017301376885550755,17
621,0.000623617726276127,0.0006193304284606948,17
577,0.0006219817263259006,0.00225179761183554,13
403,0.0006214418795911672,0.00012732393256814506,20
723,0.0006207843442822257,0.0004329260870428372,14
532,0.0006187519458053324,6.337558762549734e-05,21
117,0.0006173318977627064,0.00027278410110328317,20
933,0.0006088653524445753,9.528828793365481e-05,18
571,0.0006083226773125612,3.3297663008387046e-05,20
679,0.0006080050472532763,8.32551650446821e-05,20
728,0.0006076172647321398,0.0001988683890741481,16
469,0.0006055772295335665,0.00011952213812550117,19
227,0.0006049042740312904,6.611877128285611e-05,20
663,0.0006008494188283024,3.0658750615084686e-05,20
313,0.0005948817702352749,6.016584757978397e-05,19
120,0.0005935303501238397,0.00012654421422137417,19
542,0.0005919968185230468,3.295810336793518e-05,18
71,0.0005915020286111041,4.951697788129046e-05,18
651,0.0005907420863324046,0.00010243722348812729,19
642,0.0005907095106520792,1.8768189305742327e-05,21
247,0.0005893759843207541,2.3416589250475322e-05,17
399,0.0005869339012092993,6.127916326179454e-05,18
726,0.0005863438897618074,4.1377567980514076e-05,20
576,0.000581218077620984,6.220295077666894e-05,19
953,0.000579920817861645,0.0003213102805019584,16
610,0.0005794115383723329,0.00024131737159383706,18
597,0.0005785748358670773,0.00012771792204505523,18
907,0.0005784190779169567,0.0001348379976349086,14
931,0.0005772935521172217,9.962423165045784e-05,17
697,0.0005771734045392333,0.00099093215316304,8
605,0.0005749335781382824,0.0020040278913379434,4
768,0.0005735202573976196,6.701405720038208e-05,15
815,0.0005729604495724049,2.8987796073115795e-05,19
70,0.000572774690086052,4.694809649237057e-05,18
930,0.000570654405833758,8.879093343845307e-05,16
719,0.0005702381150569543,0.00038578807807085704,15
810,0.0005688892841007585,0.0001486269481967776,17
219,0.000568413388988054,5.217136398169368e-05,18
527,0.0005677274023967989,7.532559966962163e-05,19
925,0.0005673948512490141,2.464937977598141e-05,19
557,0.0005661182574311769,6.984488620405746e-05,18
298,0.0005653423065133005,0.0002947667401607385,16
497,0.000563871344877596,9.151303549120727e-05,17
840,0.0005617145572879324,3.867748251428514e-05,18
618,0.0005589355292671355,0.00012132927801731067,15
582,0.0005562999751161182,7.73842130917436e-05,18
50,0.0005520335839101981,3.942744733149824e-05,17
517,0.0005503285764501243,0.00048061370603248054,14
465,0.0005502853418503592,8.450973856413578e-05,17
555,0.0005424653266824641,8.576223437861917e-05,16
613,0.0005415230852628557,0.00016109503832117462,13
384,0.0005408656511696013,3.647791957528727e-05,16
644,0.0005396890613603357,5.941914986694132e-05,17
220,0.0005384738762979238,5.296822268189913e-05,18
717,0.0005281980950913566,0.0019763622570591445,11
635,0.000523435031565278,0.0019546254400288135,11
678,0.0005232559191503013,4.8433108882468094e-05,16
956,0.0005222924751513955,0.00014207319266804715,15
926,0.0005190610999701987,4.83920620681602e-05,15
706,0.0005163247120070377,0.0005104561558574729,12
587,0.0005147607874228105,2.2515444521672513e-05,16
627,0.0005146022498046875,0.00010617797456373287,16
554,0.0005131011236667758,9.206033649164596e-05,13
49,0.0005084107263135229,6.196170034468376e-05,15
929,0.000507340480485618,1.707460052397557e-05,14
43,0.0005070814711271429,1.3102796447161963e-05,14
501,0.0005058572493316747,9.261226628876101e-05,14
396,0.0005021713322911912,3.0780526785653893e-06,14
22,0.0004991589881118159,5.491745109220477e-05,15
119,0.0004975217660020453,6.444466771381788e-05,14
672,0.0004972992092537793,7.116120578392577e-05,15
451,0.0004967678740973411,3.36167771335008e-05,13
599,0.0004953230304142535,5.991343634180447e-05,14
270,0.00049443405520556,2.6230190835199735e-05,15
505,0.0004930376500035286,9.672237819740526e-05,13
734,0.0004928200476905908,6.746852343912887e-05,14
645,0.0004924019591764786,0.00039138258728722353,7
72,0.0004913870184447056,0.0019583337663713154,8
758,0.0004908723028840215,6.288221893402797e-05,15
471,0.0004907798335688665,0.0001506653191390769,14
536,0.0004868130735598859,4.869114815123487e-05,14
224,0.00048646944060193147,3.2486979288586366e-05,15
846,0.00048269050224158944,0.0,3
558,0.0004788504078460124,8.807279103885237e-05,12
927,0.00047803243051655256,3.6455095124947027e-06,13
585,0.0004761153330244388,8.132561853274518e-05,13
144,0.0004726983030261486,1.1769482576712549e-05,15
623,0.0004725523025162189,0.00015359528781467405,12
565,0.0004700223939017334,3.9533635712146656e-05,12
341,0.00046872206970125294,2.609599759844177e-05,13
643,0.00046753692655909714,5.859549596539414e-05,13
980,0.0004674081504021703,0.0002143291490370872,12
804,0.0004662179627496957,3.879816565398197e-05,12
872,0.00046466509535422827,7.227412260228995e-05,13
664,0.00046453333868353585,6.271273434129397e-05,13
538,0.00046432550638666564,3.913145928246861e-05,11
647,0.0004640751560914056,3.960198808168044e-05,14
600,0.000462950934244814,3.816103480068494e-05,13
730,0.00045981949321972015,4.8778043504748794e-05,14
477,0.0004588877010138802,6.5435655256689575e-06,13
503,0.0004581658023667416,1.5169430711476755e-05,12
818,0.0004580793747775618,4.9643087428287746e-05,13
656,0.0004541775884244889,1.7683846201488736e-05,11
354,0.00045399128298785526,1.1022877516028478e-05,12
649,0.00044756301120311515,6.996945097050597e-05,12
725,0.0004404928882565344,3.88766160060329e-06,13
575,0.00044046850482055045,2.983518965560896e-05,11
553,0.0004361047915240424,2.0120808629603433e-05,10
488,0.0004351201186344584,2.4935211140550486e-05,11
797,0.00043478201872297503,0.0010832546881418055,7
919,0.00043419406425505977,7.566571999669383e-06,13
528,0.00043276184842758674,4.309597336602301e-05,12
514,0.0004308859281924697,3.294857313963513e-05,12
789,0.00042902478190946254,7.737384133282535e-05,11
951,0.0004286585826835257,9.09300642421569e-06,11
712,0.00042842370199609086,0.001955589117299899,4
987,0.00042823444999635696,5.920894924196442e-06,12
535,0.00042585115131127453,4.969007521425271e-05,10
415,0.000423111530961124,0.0008035382146436233,4
319,0.0004205358055241927,7.155515125757637e-06,12
786,0.00042017251514032614,8.63553676776061e-05,11
110,0.0004198545097844308,1.7162650158599497e-05,11
624,0.00041924753659919626,0.00010273914137668387,11
921,0.0004163671038526244,2.8705699379501002e-05,11
924,0.00041574265926931506,6.0815108282295795e-05,11
479,0.0004138163546801255,0.00029304432430087197,6
957,0.0004137828247499423,7.38691243025207e-06,10
559,0.0004105945517507706,4.756027977372853e-05,10
276,0.00041057179533718726,5.205884260433073e-05,11
530,0.00040927798390314867,6.395088567371878e-05,10
886,0.00040876222941688784,1.3265818512670571e-05,11
330,0.00040868544774046276,6.158474859745129e-05,11
239,0.00040545815207704126,1.2442346200563299e-05,11
175,0.00040441003110363606,1.1804645408249259e-05,11
841,0.0004037870029537126,2.8455795626061996e-05,9
883,0.00040334688567730326,1.6360915409928131e-06,12
369,0.00040058525863549314,0.00014408450167257845,8
598,0.0003997111636570773,8.601381661760087e-06,9
402,0.00039929250146556556,4.590862920801382e-05,10
852,0.00039828986892702074,2.638481144855193e-05,6
567,0.00039812144225453164,5.719363662673453e-05,6
1001,0.00039754350149616587,3.86649612650405e-06,10
410,0.0003971571233089777,6.52183708494206e-06,11
865,0.0003941784048907381,1.8223720161143018e-07,11
686,0.0003936066115857338,8.680986186946664e-05,10
694,0.000391242279971632,5.724368752581024e-05,9
947,0.0003903505166025792,0.0,10
923,0.000389515320253522,5.333582985338374e-06,6
540,0.0003863714220732739,8.547586174387698e-05,9
905,0.0003820727475934705,2.5823331945830655e-06,10
556,0.0003795906631856279,3.046749521182178e-05,10
745,0.0003794322559750929,3.8051617477986255e-05,9
683,0.000377266588726297,2.3832883818663533e-07,10
937,0.0003750816033587475,2.8260568125530943e-06,9
614,0.0003690339671878311,1.925900172296015e-05,6
764,0.00036801812683333383,3.996376157083592e-05,9
67,0.0003668482757610269,1.3681405453171022e-05,9
696,0.0003658347188952326,4.549153737401828e-06,9
279,0.0003654466848347623,8.339268362045142e-06,10
669,0.00036487090670978754,3.830319606539742e-05,8
955,0.00036237792740188347,5.624289731861787e-06,9
705,0.0003607086446198557,1.0764992944171473e-05,9
591,0.0003602652128474475,2.6121220837330237e-06,10
454,0.0003595398136151467,1.1367449296970884e-05,9
111,0.00035888309953954626,6.0007808947158205e-06,8
289,0.0003588620401942293,1.8699961415434536e-05,8
729,0.0003567219794114543,2.4585681094283775e-05,8
877,0.0003534249785027531,8.211597746773482e-06,9
619,0.0003526759266875304,6.836866979917793e-05,8
364,0.0003507614249407731,1.176756060155964e-05,9
952,0.00035071187165533057,6.040843377627248e-06,8
386,0.0003506114178881398,1.8334051024658722e-05,8
799,0.00034774159910937977,7.939040648132326e-05,7
783,0.0003461967357192004,2.6971747121772e-05,8
835,0.00034423062459420996,2.4956637088716126e-05,7
539,0.0003439635792455314,2.923779309525223e-05,8
476,0.0003437041992565263,4.957690836422406e-06,8
833,0.00034356678481380374,3.5740361894886646e-06,9
628,0.0003435227301990584,0.0,8
315,0.0003419554420591381,6.676370419249831e-06,8
604,0.0003404475255130285,9.913646226363655e-06,8
788,0.0003400213759296791,0.0,3
811,0.0003377515022437434,1.0609472068769852e-05,8
735,0.0003349511191535063,2.7651943505275057e-07,7
836,0.0003340168492796245,1.1330538755167975e-05,6
634,0.0003317395089696681,0.0,3
817,0.00033062663669026864,2.684868217998076e-06,7
979,0.00032967724242782045,1.1920647569907798e-05,7
743,0.0003290025943525987,0.0,5
202,0.00032762567921482296,1.5881960518305005e-05,7
742,0.0003268816857189989,3.6638185282251656e-05,5
909,0.00032685303729341466,3.6851264049308737e-06,8
432,0.00032670832266026015,2.0368551767333959e-07,7
687,0.0003266962343880075,1.4660888141310155e-05,7
849,0.0003262017411897446,1.43560023131263e-05,8
472,0.0003261218065490594,9.313325122355333e-06,7
771,0.00032517219745893536,1.8799279381274197e-06,8
383,0.0003243527479106145,0.0,7
825,0.00032274229108558196,6.296789569589927e-06,4
887,0.00032178833442411057,2.4243054900008233e-06,5
741,0.0003210311285017216,1.1682786185619377e-07,7
869,0.0003208008146459888,5.345895101318983e-06,6
463,0.00032074932895709393,0.0,3
791,0.00031953334158369036,1.8019016706049868e-05,6
639,0.0003194392229808392,1.71072532285702e-05,7
507,0.0003191452898673333,7.670192176496506e-06,7
806,0.00031847079483397333,0.0,7
885,0.00031825638253348644,3.441638827909335e-05,5
974,0.00031545505460683855,6.079210565997945e-06,7
958,0.00031471291119685135,4.031736212570234e-05,3
757,0.00031376626674630684,5.193238274358284e-06,5
652,0.0003125662494287057,5.660066674139613e-06,7
616,0.00031184531068513327,1.4987183365057324e-05,6
766,0.0003108212340832326,0.0,5
617,0.00031065871279918595,1.6607898225454595e-05,6
596,0.0003104971229650975,2.6128326010526907e-06,7
751,0.0003084854955250365,2.5510482786074e-06,7
659,0.00030820664139734143,0.0,3
721,0.0003071101454981788,2.772468045868556e-07,7
793,0.0003069007961828265,3.389528374681117e-05,5
802,0.00030644744454355556,1.9632501989485247e-06,7
884,0.00030540011523881886,0.0,3
784,0.0003053288967946132,0.0,3
954,0.0003034729797003834,7.293437262709156e-07,7
716,0.00030318376621263804,0.0,3
763,0.00030318376621263804,0.0,3
736,0.0003028793655210003,2.1491397389165067e-07,7
632,0.0003028353894058575,0.0,5
854,0.00030239159100299876,4.3843210203557045e-07,7
673,0.00030208167914719074,0.0,3
636,0.00030187459488561775,0.0,3
737,0.000301141826444306,0.0,3
800,0.000300502556286869,2.0351326196522747e-05,6
704,0.0002994827796023526,0.0,3
837,0.0002994827796023526,0.0,3
935,0.00029945930091558685,1.8551196911758894e-05,5
773,0.00029943055456027736,0.0,3
890,0.0002987130128333821,0.0,3
992,0.0002982935863139095,0.0,3
630,0.0002982909845828043,0.0,4
814,0.0002946349571199409,3.303501138680049e-05,5
945,0.0002940935109815428,6.646893065210178e-07,5
1000,0.00029377091399383103,3.51598172069285e-06,6
807,0.00029318800476004,3.697873745322964e-06,6
739,0.0002922366356628344,1.0091311802855103e-05,6
718,0.00029064039155231753,9.136219287663974e-07,6
625,0.0002899346382551174,0.0,6
609,0.0002896779146979277,9.071686980543497e-07,6
970,0.0002887159696791958,6.717416128531386e-06,6
512,0.0002875956275999457,7.293757026051309e-07,6
715,0.0002867298905010451,1.420126842009483e-05,5
767,0.0002859082897778008,2.2371504525796077e-05,6
594,0.00028435647845888735,1.506929906658661e-07,6
898,0.0002835750490239007,1.0557334513850466e-06,4
977,0.00028236497194213356,0.0,4
689,0.0002823190588110804,1.1731413340375632e-06,4
646,0.0002818011646993348,0.0,5
968,0.00028102559645144483,0.0,4
912,0.00027873864798409715,3.4946716001626393e-06,5
637,0.00027873533048208674,0.0,5
967,0.0002786572432073866,1.3744533723793653e-06,5
382,0.00027770617819869567,0.0,5
819,0.0002773651287588237,2.252006089519911e-06,5
989,0.0002764717361465858,0.0,4
631,0.0002763445881082291,0.0,4
534,0.00027610833359746677,2.8608492380065123e-06,5
778,0.0002748944242153614,1.786707983926541e-05,5
620,0.000273441946950846,0.0,4
906,0.0002722231229673526,7.215186322829015e-06,5
978,0.0002716646285579377,0.0,5
456,0.0002706446906765794,0.0,4
855,0.00026927708285239736,5.687743219920912e-06,5
962,0.00026775883600044427,4.034308591860685e-06,2
749,0.00026714728833777566,3.322850285821834e-06,5
964,0.00026609418010097464,3.92292188715207e-06,5
752,0.0002658646609141215,4.260223858833963e-06,5
109,0.0002618419845450264,1.928713662009783e-06,5
449,0.00026112996874959625,0.0,1
603,0.00026112996874959625,0.0,1
916,0.00026112996874959625,0.0,1
574,0.00025899702076443375,6.277524214898351e-07,4
805,0.0002587047584719193,1.0528095932035815e-05,4
693,0.0002576536850875514,0.0,5
676,0.00025639798737015743,1.0945060271437607e-05,4
348,0.0002563520022772093,0.0,4
760,0.00025596352037391925,8.119770579373627e-06,4
398,0.00025386002484875463,0.0,4
829,0.0002537566382512442,2.404287157688073e-06,4
867,0.00025332304140115904,5.422225379258483e-06,4
584,0.00025178842385040646,1.2546361851632316e-06,4
629,0.0002510083004033126,2.067892964615874e-06,4
796,0.00024920120015323145,1.1911482807831287e-06,4
903,0.0002466913124778657,0.0,3
934,0.00024534521193288715,1.6084465821208954e-06,4
857,0.0002450645771258757,8.6720840948135e-07,4
889,0.00024401864727975137,4.470523405936914e-07,4
991,0.00024377904497072074,0.0,4
740,0.0002437426235829535,5.223675404283811e-06,4
722,0.00024248970248407612,1.93730544910446e-06,4
727,0.00024180510566842583,3.0146410151773045e-06,4
843,0.000241326743105714,0.0,2
785,0.00024109796101479494,2.5225062166586267e-06,4
995,0.00024095036690708807,0.0,1
878,0.0002407482461244957,0.0,4
781,0.00023923064999076374,3.1064148602153862e-06,3
870,0.00023740830433701505,0.0,3
874,0.00023740830433701505,0.0,3
682,0.00023662246970881074,4.887406285942606e-07,3
522,0.00023649940896194432,7.116433616573258e-07,3
939,0.00023528530567298484,2.83960169107451e-06,3
709,0.00023389638213685727,0.0,3
769,0.0002320243995125127,3.209053577021689e-06,3
416,0.00023010651273601044,4.64862295243717e-06,3
997,0.00022980559593683544,0.0,3
986,0.0002251524094419898,1.54198316185742e-06,3
782,0.00022248659073777037,0.0,3
779,0.00022218686648380645,1.6551449942872217e-06,3
713,0.00022214345206693722,0.0,3
866,0.00022093315618315257,7.418557317903072e-07,3
920,0.00022023311236562298,2.3270411832132837e-06,2
844,0.0002198289183203688,1.4325209609195689e-06,3
984,0.0002197065439346931,8.620144071727539e-07,3
911,0.0002192109565638345,0.0,3
848,0.00021872423072570086,0.0,3
439,0.0002168592415179903,0.0,3
895,0.00021604673507964061,0.0,3
436,0.00021548702341909977,0.0,3
942,0.000214343741640517,4.4700638754397966e-06,2
983,0.00021398512806932428,0.0,3
794,0.00021080911436367376,0.0,2
873,0.00021039924405759374,0.0,2
972,0.00020743760512101608,3.88254786640549e-06,2
839,0.0002059567996735335,9.778587327402458e-07,2
692,0.0002037715355950982,2.25690187676738e-07,2
893,0.00020334683885521123,0.0,2
524,0.00020152703888457488,0.0,1
988,0.00020142994903496277,0.0,2
838,0.0002002095328675717,0.0,2
868,0.00019996730010420874,1.8541140303409787e-06,2
891,0.00019975641431629448,0.0,2
969,0.00019896319181080378,0.0,2
966,0.00019773394762628724,0.0,2
850,0.00019713602621936806,6.48230106268368e-07,2
842,0.00019705355278917163,0.0,2
821,0.00019612036601115502,0.0,2
475,0.00019595542182572598,1.2789576455835953e-07,2
677,0.00019486577514640432,0.0,2
759,0.00019448974717120734,3.0874594481090505e-07,2
724,0.00019433604956763405,0.0,2
882,0.00019351453519706922,0.0,2
702,0.00019303253709653068,0.0,2
801,0.00019301777498176368,0.0,2
762,0.0001927114375103742,0.0,1
940,0.00019269754152524416,0.0,2
583,0.0001903045930424168,0.0,1
578,0.00018992278081041633,0.0,1
862,0.00018575406684110846,0.0,1
561,0.00018370948991795747,0.0,1
701,0.00018370948991795747,0.0,1
861,0.0001836952899324063,0.0,1
595,0.0001829769576950094,0.0,1
946,0.0001826787675321115,0.0,1
965,0.00018248267612528096,0.0,1
948,0.00017959187888726716,0.0,1
894,0.00017958280434567052,0.0,1
770,0.00017901004856629645,0.0,1
790,0.00017883263661123028,0.0,1
879,0.00017869539458356594,0.0,1
938,0.00017860579373780332,0.0,1
824,0.0001785346003843166,0.0,1
750,0.00017791476132877259,0.0,1
830,0.00017743750401491435,0.0,1
688,0.00017721076713607753,0.0,1
871,0.0001771981074052937,0.0,1
973,0.0001771389189673768,0.0,1
975,0.0001771389189673768,0.0,1
680,0.00017702956569222393,0.0,1
944,0.00017697297284773196,0.0,1
876,0.0001769414661218564,0.0,1
831,0.0001768950135218629,0.0,1
1003,0.0001768950135218629,0.0,1
985,0.00017671010420096844,0.0,1
959,0.00017667593063250048,0.0,1
960,0.00017667593063250048,0.0,1
961,0.00017667593063250048,0.0,1
775,0.00017629611124614304,0.0,1
1002,0.00017629611124614304,0.0,1
910,0.0001762627916227049,0.0,1
998,0.0001762627916227049,0.0,1
904,0.0001761292635551375,0.0,1
622,0.0001759391384411037,0.0,1
858,0.00017576256264600627,0.0,1
668,0.00017532451821443594,0.0,1
1004,0.00017518677880366538,0.0,1
888,0.00017512838117682373,0.0,1
864,0.00017506488551893932,0.0,1
941,0.00017501998437605983,0.0,1
996,0.00017484150593384044,0.0,1
943,0.00017481739230931802,0.0,1
993,0.00017465689321047304,0.0,1
915,0.00017457574403557228,0.0,1
827,0.00017437871893218897,0.0,1
863,0.00017390545878676576,0.0,1
902,0.00017384437276503093,0.0,1
780,0.00017345772816266478,0.0,1
901,0.0001733660155642908,0.0,1
982,0.0001733660155642908,0.0,1
606,0.00017327806957523865,0.0,1
881,0.00017315412591680093,0.0,1
755,0.00017315315821565428,0.0,1
928,0.00017315315821565428,0.0,1
761,0.00017309988469322457,0.0,1
795,0.00017295481552961244,0.0,1
774,0.00017283842465086674,0.0,1
899,0.00017280575972832235,0.0,1
994,0.000172716427454258,0.0,1
657,0.0001726143272339352,0.0,1
897,0.00017256318534730283,0.0,1
650,0.0001724224455984185,0.0,1
999,0.00017225464679716945,0.0,1
787,0.000171967694593511,0.0,1
834,0.00017180523560859652,0.0,1
875,0.0001714529536862932,0.0,1
792,0.00017138165747619322,0.0,1
853,0.0001713389764069495,0.0,1
626,0.0001708117803341281,0.0,1
