node,pagerank,eigenvector,degree
160,0.009070948495026506,0.16584610525626134,347
121,0.0060687854256318025,0.14842130571753695,234
82,0.00603070533684081,0.14525180917729405,233
107,0.005838096043249359,0.13987647662358507,221
86,0.005721519612322318,0.11221730257671311,218
62,0.005431615979850882,0.13149820210508475,216
5,0.004914163734511238,0.0794635644309267,171
13,0.004589938693459019,0.08569334907796591,180
166,0.004551665116200685,0.11033491181346286,177
434,0.0045327987830447985,0.1253049110776443,185
377,0.004445829162382101,0.05249235227843558,139
64,0.004406703599967056,0.08993454235540824,170
211,0.004302501132520551,0.09765817621215388,154
183,0.004236487670978143,0.1140196592336959,173
129,0.00419516224136028,0.1089166347140455,164
249,0.004062091257863867,0.1243815109438898,168
533,0.004045205487994196,0.08813178338144308,157
84,0.0037323839553283764,0.0664885509951115,132
21,0.0036625451132120445,0.09830902799108317,138
128,0.003625300544256988,0.1053548617355106,146
106,0.0036243901224623553,0.09950826974624527,142
283,0.003515375577096659,0.10334474209441835,142
105,0.0035063446144321508,0.10934573584404643,146
87,0.0035028633827757613,0.10541765042054066,139
114,0.003501190014115896,0.10548400206067467,142
420,0.003496596900626788,0.08589775235965522,138
333,0.0034749737457311016,0.09508236413974117,135
83,0.003474868625798336,0.10256450496796518,141
142,0.0034434085827145865,0.10273361939580647,141
282,0.0034278820530843942,0.09792109203730595,137
301,0.0034070551210303884,0.06519581592762304,131
820,0.0033514720563731794,0.08883705498618857,130
96,0.0033491637185480076,0.06436995780478949,120
424,0.003298338461571041,0.09471636753899645,134
405,0.003261297209129894,0.09229560676448323,124
115,0.003202157105657289,0.09846502231111885,131
411,0.003187554086950644,0.05550037637063854,106
256,0.003152692693111034,0.10187044428857925,129
971,0.0031474042120219585,0.026916168599142656,97
6,0.003145906944197701,0.05061218397678418,115
63,0.003140312454549859,0.08595187086023882,125
58,0.0031358471155764553,0.08573762487661273,126
280,0.003073303459170146,0.08552778370505756,122
252,0.0030661440312877743,0.07827270311987011,121
165,0.002927659329714443,0.07761776149695619,119
212,0.0029061682950181794,0.1002233445279294,121
494,0.00289213497712108,0.07196271356239271,116
65,0.002857246564540259,0.03984588267053221,91
169,0.002848650091726677,0.09208956473282481,119
340,0.0028339372958392445,0.07817055717045228,107
81,0.002831241778873649,0.08856345342491935,113
44,0.0028065274760500736,0.06630655708920655,106
17,0.0027676670389268194,0.07584221603526327,111
473,0.002745824128254967,0.07098476535664029,110
546,0.002729849257735907,0.06776355515433136,101
133,0.0027263273392971518,0.06884436081607387,108
366,0.002709238987188321,0.07453693424448937,106
303,0.002625238382112477,0.08159888009751315,103
2,0.0026046348281840797,0.05309632427778486,95
28,0.0025876290104658315,0.08305517661080536,105
419,0.0025707721150193437,0.0710196823063988,101
170,0.002537549313472215,0.06675420950019142,98
4,0.0025264401879905776,0.06052193941043541,96
295,0.002524087255469881,0.039039985116120814,85
232,0.002507889620041121,0.03612304576426497,91
215,0.002480767751224738,0.055563972787756356,92
329,0.002474003936238849,0.07738072578795942,98
932,0.002449719521313945,0.07566810672425753,99
74,0.002443117835030706,0.05113844765764525,93
285,0.002441920433612065,0.05779276266713247,89
498,0.0024199207130268046,0.028620630927165255,86
157,0.002388184778873712,0.0257410251112199,79
137,0.0023836898890799495,0.060843927630085136,85
290,0.0023396459846305433,0.06302539520695634,83
209,0.002335457043744099,0.05752102850431454,85
393,0.0023276492944985946,0.052525779369365304,84
172,0.0023260463435173977,0.06288950922776115,92
493,0.0023235443547247304,0.06262224886260709,86
365,0.0023179086341637177,0.06755054228433545,92
549,0.00231084647855332,0.03514473683949441,81
41,0.0022984263210046882,0.06718981766821902,91
269,0.0022813821982389636,0.06090445180130584,84
409,0.002275809765950554,0.03751644368190856,86
189,0.0022743255470276526,0.04099339538221987,76
141,0.0022499729268871823,0.03712048881985611,83
93,0.002248894078584231,0.05122239781671311,87
180,0.0022361105573080703,0.054789553979311956,83
495,0.002232975965489389,0.061720120468060295,80
404,0.0022109013627762057,0.05985157335441336,84
113,0.00219314952333505,0.054946809875472506,87
173,0.00218362511694043,0.06407513192132633,83
371,0.002182956036382961,0.07294802032058917,88
14,0.0021662685314650394,0.036774017621909426,80
184,0.002136036735207315,0.061713157187859656,80
438,0.00211737722860172,0.05035667358463733,84
210,0.002114793306939448,0.07437052488074508,86
412,0.0020998281485202735,0.03597007032788082,70
342,0.0020974404015133073,0.03415838267414139,74
191,0.002095597167267454,0.03386324370351926,62
231,0.002065660544183597,0.024402143950075228,64
155,0.0020656276575003697,0.04935691725853606,78
11,0.002064338143998903,0.03155279559917099,76
168,0.0020635426763459036,0.048078011240500346,77
367,0.0020593492675168735,0.072246768741487,84
474,0.0020553696622739467,0.06606535445103873,82
116,0.002046640406146639,0.051863948689603465,83
254,0.002040107408579608,0.06866973765258647,84
23,0.0020358009770721813,0.05850268375250013,81
20,0.0020319570887596845,0.050472321320401296,74
300,0.0020063097574642553,0.054772051078427746,76
7,0.0020020944919277666,0.02288699098595163,72
459,0.001985132583789449,0.041905892712057004,73
440,0.00197387274552899,0.0324049785705634,71
450,0.001934185158220224,0.05201626540386475,74
61,0.001929898593343095,0.026818959207938448,71
57,0.0019146934283274589,0.03360599367380603,67
271,0.001903410166090926,0.043590415897289445,70
859,0.0019031399868383895,0.05373055871784424,74
222,0.0018991723609223924,0.0470862282727126,72
145,0.0018956041880607774,0.061256986132452444,71
19,0.0018905950987648935,0.04193999094767299,72
258,0.001887382708789351,0.03602821671921759,59
89,0.0018836612729160236,0.04327136318810186,71
296,0.0018724071840000838,0.050764065186715814,73
167,0.0018713740777932916,0.030648861778811244,70
16,0.00186960786301669,0.05662902695111183,74
486,0.0018667354692425385,0.051093776117353,74
375,0.0018629897425705682,0.04567324017257917,67
174,0.0018469930318065191,0.04970118519274116,73
46,0.001841761783370381,0.05595968517696726,73
80,0.0018363323208864532,0.0554741259609545,72
518,0.001834298025239598,0.06182159305177457,73
3,0.0018332174392173863,0.046929367561205984,71
42,0.0018319059866554843,0.0605242616421365,75
506,0.0018316483358553804,0.03497575300522568,63
69,0.0018291926327517337,0.03832705798793098,64
51,0.0018264063364603566,0.03977508099939422,69
218,0.0018087825126009388,0.03586381525537505,68
856,0.0017917652298881774,0.04344237304581296,68
417,0.001788059603087963,0.038533568337914506,65
321,0.0017664020184797995,0.01968798050628407,57
362,0.0017658694894812205,0.055182694538653515,70
206,0.0017558064550580528,0.027340659351884185,61
560,0.001750900963492155,0.0263979357878481,55
152,0.0017448381392517714,0.05921351253035461,69
263,0.001730578955673771,0.04407193123404887,64
526,0.0017296398647027307,0.036332164112409665,63
181,0.0017266457006846294,0.024222315510953114,61
30,0.0017208445060822985,0.04719073002294607,68
162,0.001715636729943008,0.04046947923456792,64
12,0.0017150643281634275,0.02972784749748053,58
401,0.0017144172721531487,0.030313974889548966,51
27,0.0017125193468837704,0.03239070851915662,63
233,0.0017074036850711627,0.050806754852920834,66
509,0.0016987658800879674,0.034805230382763716,55
255,0.0016958091211226175,0.05762351409065251,65
305,0.0016769763459444564,0.031416655419929496,62
812,0.0016706448606415335,0.03701994167058482,62
338,0.0016664643513141638,0.04488067371759441,63
455,0.001652789112416468,0.02987650617032784,64
408,0.0016436232599812794,0.029378059544140186,56
615,0.001629464409472424,0.041768510081917544,62
358,0.0016286853217496234,0.012830857080410474,55
351,0.001621485045359731,0.041744975721180244,62
376,0.0016127208957289361,0.02006207581514217,51
221,0.0016103729728419091,0.04260764712184298,61
226,0.0016067961981167797,0.05077343369507423,63
132,0.0016021600890971134,0.051444955102630856,63
466,0.0016014106974250623,0.016234680922255523,53
426,0.0015981213539275558,0.038142135143082935,60
131,0.001592929082656107,0.044632823537479896,60
379,0.001590889911030124,0.020748063544114598,54
40,0.0015750246090755152,0.02450234655827793,60
281,0.0015713793688620237,0.0435009947739893,61
177,0.001560284562187568,0.02284125240858136,54
179,0.0015535933586902076,0.03043734075649052,55
318,0.0015315629409245407,0.04427658919985663,61
18,0.0015312949343487745,0.03829052279626101,56
339,0.0015291804282826734,0.02899195643336876,60
306,0.0015267942021359804,0.03638568501143647,50
48,0.0015225875032186852,0.0284834261762313,59
60,0.0015200982278619616,0.020695705339020667,55
499,0.0015155909274569318,0.011022904848276591,51
278,0.0015120976377683802,0.03978863838865573,56
163,0.001505106171781408,0.04638619537675408,52
223,0.0015037555829876944,0.039366349004026586,58
320,0.0015036488791219916,0.0205432065822839,50
35,0.0015023415677683878,0.04128938789240886,59
443,0.001499777946990053,0.02545975055788187,55
441,0.0014979772252918981,0.03720689447502969,55
513,0.0014951648018253372,0.03780253467384714,56
29,0.001492448569633864,0.03481096038403682,58
201,0.0014758127793521969,0.04053617721626051,57
520,0.0014757122465726752,0.0334377894884472,55
353,0.0014688296569331585,0.026439728162338073,43
612,0.0014660252296721426,0.037957987860892266,56
430,0.0014606953604835975,0.036950032057597185,54
15,0.0014574672416746278,0.03100627425641618,52
363,0.001453879045119768,0.04957062067670052,57
199,0.0014525369591788851,0.02970730050126683,51
243,0.0014492500591343728,0.03219467729105044,53
103,0.0014406282239089532,0.02241524482462615,52
59,0.001433723467045562,0.02482349749237963,53
214,0.0014329278409716375,0.03310851648097616,53
234,0.0014318366094180765,0.034478353265571415,51
1,0.0014259510042902283,0.02916342018121623,52
427,0.0014217181051536772,0.0475584034147742,57
421,0.001416621341021314,0.024977880849304496,52
460,0.0014084932246164316,0.03552409126037383,54
213,0.001407166124023593,0.010538619912062076,48
414,0.0014031577240331198,0.0005966396137614815,12
272,0.001401197398446095,0.021570874511547784,49
316,0.0013878413734271736,0.021599816399929837,47
314,0.0013834319334908923,0.037494663620273275,52
208,0.0013814648151319118,0.035952207387225606,53
238,0.001381254009454185,0.019635136487777042,45
543,0.001381183282725571,0.027453960519453213,43
187,0.0013782183886690597,0.04975826318343455,54
38,0.0013727984369846392,0.021492604015797754,47
154,0.0013681404197180458,0.05021423033429243,54
531,0.001365406140861549,0.04564522961563771,53
45,0.0013588447508265005,0.029254511204078088,48
452,0.0013580103752385583,0.010956725556704836,42
182,0.001357559272185305,0.013190695900997846,47
158,0.0013561520142314197,0.03276322806087744,49
54,0.0013521465023140595,0.029400799482672754,51
425,0.0013517191042820799,0.015064093621122593,37
164,0.0013477904157027476,0.02502800786209887,48
245,0.0013453889285518898,0.03642408638925876,53
153,0.001344772116267688,0.05279005561611507,52
236,0.0013446106442959078,0.04388617689615616,52
525,0.0013383848204536492,0.010992009965548617,45
380,0.0013381021431283801,0.01531399754045881,42
482,0.0013340644059521563,0.023548195712239768,47
124,0.0013330604484133898,0.021268080626344932,44
95,0.001331919452828006,0.02440416796289416,48
809,0.001329645169738946,0.026615307366817224,49
143,0.001329247550087031,0.03624319743636057,51
355,0.0013281777458418798,0.05689739791888111,54
92,0.0013269532656570307,0.02070258020025186,44
537,0.0013251018720412517,0.019414520700360465,46
261,0.0013237629778115345,0.032760873477237634,50
458,0.0013226833900739621,0.03671188087865889,49
56,0.001312683129331998,0.02448072906539349,48
47,0.0013093041418122497,0.03003161983318535,51
390,0.0013067651226633939,0.01717160075337792,47
464,0.0013062420801742453,0.036400517109156504,49
368,0.0013057390982614244,0.024223124904549573,47
356,0.0013028161852492513,0.04435515301479084,51
10,0.0013026316608832494,0.03489374877373555,47
147,0.0012966579446201647,0.046687040623829695,50
389,0.001286668066249799,0.018735124906462057,45
685,0.0012841062447547808,0.024020951678057702,48
504,0.0012840605727611793,0.016694931900727652,44
55,0.0012816828586801848,0.02608150553211113,43
483,0.0012785284643425728,0.025628763233808555,46
373,0.001273156790992026,0.029328854090657414,46
481,0.001268213521874444,0.027542502960927858,46
309,0.0012677241022772197,0.018925061044806565,46
361,0.0012649613763104808,0.030489658611048034,50
284,0.00126440827155708,0.021697637554999236,44
194,0.0012566715130046162,0.02502628555989081,46
31,0.0012547965824590683,0.033987809139537105,50
462,0.0012546965624320797,0.024629913735130987,32
108,0.0012521847990062964,0.023842739947137342,43
515,0.0012505148368807456,0.022371467027385458,45
661,0.0012491424690423496,0.020274204022798867,45
100,0.0012490495358319447,0.020767476877015894,41
68,0.0012402578272920827,0.03991351226898292,48
94,0.0012286698803837784,0.019609489076697996,44
569,0.0012251352796088279,0.013344833790004439,41
0,0.0012241295199045864,0.01870911811483268,44
593,0.001223977868223803,0.019243925347963986,42
286,0.0012235860450553436,0.030232586239534093,46
140,0.0012169461495442967,0.018609299482867193,41
357,0.001216013358224576,0.03978863114925439,47
950,0.0012131637598723484,0.02787075722248367,45
24,0.0012121974705968106,0.017834230552831655,40
381,0.0012093894372442542,0.010952076689379064,35
707,0.0012064840678459947,0.008909046792983141,40
9,0.0012025577966280013,0.0069508953934876525,40
480,0.0012014738506494179,0.035366398702347264,46
478,0.0011966764152850327,0.02844831144671504,42
448,0.001193058939924376,0.018218632813357016,41
422,0.0011859111008725885,0.03711199523753245,45
151,0.0011829079478078157,0.027888798854765872,46
326,0.0011762680328587147,0.03519046707540599,42
79,0.0011750251744013576,0.031813689077848525,44
161,0.0011744411001704583,0.027952151145749192,43
397,0.0011741653409615463,0.013874168631804474,38
387,0.001167732768396666,0.01455792190442616,41
171,0.0011610503421229626,0.026890191492140506,45
139,0.001158093596935738,0.01950682572854759,40
963,0.0011580341261284962,0.028213430265542058,42
265,0.0011537407432290225,0.008578152414594462,39
36,0.0011462913715729558,0.03503190104843893,45
395,0.0011434066322228756,0.026250135041210373,42
242,0.0011432295787712921,0.02237421641438925,34
327,0.0011408929220160578,0.02384563949223944,33
53,0.0011347437461156043,0.022748518563551912,40
253,0.0011343999826880797,0.03608539713759052,42
552,0.0011318539546340415,0.029462436303629855,43
130,0.0011242681880264697,0.020657184527749676,37
150,0.0011237541691277348,0.01782579584976062,39
592,0.0011185426131242152,0.008911088933744345,35
437,0.0011173940721881223,0.018200073902854285,41
288,0.001112895306825131,0.02554373629432279,40
85,0.001112263529775918,0.018075858495855128,39
178,0.001112238221974137,0.010778729829086144,36
490,0.0011047151966421015,0.04024949863705827,43
264,0.001099966330047237,0.01232069446260442,38
188,0.0010981005182077825,0.03323682550801819,41
203,0.001097386235239303,0.029651390400040393,39
159,0.0010950186530796603,0.02571909857249051,38
308,0.0010940389404952566,0.03322423659350698,41
198,0.001092179125336413,0.021256471772929136,38
423,0.0010914190426676489,0.02313944824685614,41
66,0.0010909799960727164,0.01782359362570534,36
529,0.0010895244513085647,0.012489389205695372,37
275,0.0010877979282889034,0.017054413191308487,36
400,0.0010815384719372913,0.025853341930032022,39
88,0.001079243927115725,0.022148034917465437,33
748,0.0010764762301652716,0.02937524451143316,34
564,0.0010753941494399991,0.01872795728088435,34
323,0.0010729040217428605,0.016722211488840212,36
747,0.0010716481306680833,0.03387328646349779,39
370,0.0010689277503194749,0.015318532587289954,36
292,0.001066597279418724,0.024208536183858802,38
654,0.0010605196259476737,0.02618694498845342,38
8,0.0010592986261601352,0.015679322454804225,37
268,0.001055886404753893,0.021658621600695458,37
311,0.001052184242616174,0.018889018541053817,36
601,0.0010486743229448643,0.03243889319582215,38
337,0.0010377807010319474,0.027895073383890537,40
195,0.001036345606335978,0.020356932283883387,37
204,0.0010304671727417204,0.01740834856576696,37
200,0.0010264421342542512,0.015019695116182638,36
359,0.001026295835673846,0.006825379347980639,34
197,0.001024300580811806,0.020181020331333507,37
37,0.0010196418506762664,0.014162097543360907,37
936,0.0010151701773415587,0.009465955214533231,27
176,0.0010117546124624112,0.013178909739633747,35
544,0.0010094156342546107,0.02498463979309674,30
250,0.0010041378902574984,0.015540265764060169,35
394,0.0010039798586610432,0.01244667393665377,34
429,0.001003138965140809,0.014717131082430375,34
251,0.000999250153952621,0.02215103180474173,38
135,0.0009962779132422807,0.022566829140468817,38
489,0.0009952703948558671,0.03430979380057174,37
580,0.0009950248756218905,1.551750542397769e-19,2
772,0.0009950248756218905,1.551750542397769e-19,2
808,0.0009950248756218905,1.551750542397769e-19,2
798,0.0009950248756218905,1.551750542397769e-19,2
711,0.0009950248756218905,1.551750542397769e-19,2
731,0.0009950248756218905,1.551750542397769e-19,2
691,0.0009950248756218905,1.551750542397769e-19,2
744,0.0009950248756218905,1.551750542397769e-19,2
732,0.0009950248756218905,1.551750542397769e-19,2
633,0.0009950248756218905,1.551750542397769e-19,2
648,0.0009950248756218905,1.551750542397769e-19,2
653,0.0009950248756218905,1.551750542397769e-19,2
703,0.0009950248756218905,1.551750542397769e-19,2
660,0.0009950248756218905,1.551750542397769e-19,2
675,0.0009950248756218905,1.551750542397769e-19,2
684,0.0009950248756218905,1.551750542397769e-19,2
658,0.0009950248756218905,1.551750542397769e-19,2
670,0.0009950248756218905,1.551750542397769e-19,2
746,0.0009950248756218905,1.551750542397769e-19,2
447,0.0009939754724525632,0.009944931552310906,32
336,0.0009927629134367346,0.022344302042629285,37
52,0.000991140229228318,0.0097108186365244,26
126,0.0009890054558376084,0.019293545441322557,35
548,0.0009829555947482693,0.03217803590552794,36
266,0.0009809597130691005,0.008456761906365984,33
350,0.0009708292628174714,0.007900600029022027,25
123,0.0009700936174869193,0.02301910986200787,36
738,0.0009691547428265313,0.020453042760020964,36
508,0.0009675874142349532,0.02205185744080122,34
322,0.0009627948579771195,0.008899688663662857,28
325,0.0009620623300972608,0.017883149648203898,29
91,0.000960873605696047,0.017653201451396597,31
196,0.0009600288934949559,0.017992177799020855,35
700,0.0009593199288404381,0.005357448700095738,30
262,0.0009581837953613207,0.011812562905248155,28
39,0.000956085752716221,0.019406583616614823,36
259,0.0009516003244737,0.013673002612591658,31
26,0.0009491583327602047,0.013949900833491014,35
104,0.000940226188661219,0.014726447294588958,33
562,0.000937388555840951,0.01601307946689594,32
190,0.0009344185803210537,0.03128547249544648,34
406,0.0009296726044619707,0.008183080913927278,30
332,0.0009279880576394425,0.005219536828391679,28
32,0.0009272290903036942,0.017487078560308778,35
273,0.0009251268545104187,0.012694131225902277,31
125,0.0009242871542533185,0.016111408601320376,29
453,0.000923607224112312,0.03296193782546342,34
149,0.0009197338902579316,0.012439723935837251,30
608,0.0009173260294768113,0.005726694550566166,30
335,0.000916841405188259,0.005592570997035959,26
607,0.0009159692156349476,0.024586053572847537,33
138,0.0009114051251874158,0.019742598913592778,32
845,0.0009091359773872915,0.016933145122334015,32
229,0.0009079625717458572,0.02194481049070647,33
118,0.000907111554614601,0.0199378963139955,32
205,0.0009063834114463422,0.015127509013836306,31
25,0.0009039206582156919,0.01934452043611291,33
304,0.0008991028364619107,0.02245453204301475,31
146,0.0008981223605422357,0.017756335056313678,30
611,0.0008978156850255244,0.019808322194019005,26
428,0.0008966007190374201,0.011208335239977904,29
776,0.0008963815243621163,0.011871361223522574,30
444,0.0008957965883501483,0.016725845651806855,33
581,0.0008942113293244882,0.01706244451188245,32
73,0.0008940675310312165,0.01219975461171554,31
237,0.0008928823785185951,0.018709995728507137,31
134,0.0008921471721048004,0.011992962087220452,25
101,0.0008828847485403787,0.012286445139415006,29
360,0.0008776013594046019,0.013206652789924276,30
880,0.0008769753933553128,0.020149372845907967,32
754,0.000876531931365736,0.009752494177915481,28
655,0.0008756256099414726,0.018637471810513208,32
896,0.0008749318597008795,0.024505158657413463,32
99,0.0008748380109291222,0.01954021374527394,29
156,0.0008736507962048034,0.009882328670666702,23
828,0.000871655087754733,0.02583122320238518,29
352,0.0008681844726235167,0.012213287971692523,28
310,0.0008656715020646639,0.02538638042101225,31
372,0.000862712802382344,0.02618637810996832,31
457,0.000860079353515297,0.014542882450637265,29
568,0.0008600183302246814,0.021787724187289335,30
407,0.0008596770328360066,0.008535675954192338,27
418,0.000858613835276851,0.021967666575416586,30
671,0.0008577543264471782,0.020750427835669473,30
667,0.0008573221519759338,0.01974407863549143,30
777,0.0008570268533310149,0.008367071383072498,21
413,0.0008548733133401293,0.01584415099726919,30
445,0.0008507636105795289,0.02521842393890051,29
127,0.0008492782304103367,0.023305555499620503,28
312,0.0008473235103507253,0.019360159002293847,29
695,0.0008442574506682034,0.017412845738398817,29
216,0.0008440372259251544,0.016131636982059376,29
207,0.0008435333407044885,0.01853783090231581,30
813,0.000842420609320935,0.010484525653532445,24
34,0.000839373575533886,0.01405444876177446,31
388,0.0008392109533798999,0.014723905747839624,29
33,0.0008380148350899164,0.015698973867314597,30
122,0.0008367476027573968,0.008585777536702668,27
461,0.000833643874455622,0.007809949328506667,26
185,0.0008333116847917326,0.005728107135109554,22
345,0.0008330144902219036,0.015500277858576357,28
90,0.0008321772882579495,0.020517999835834785,29
186,0.0008317706073715805,0.024304495627134038,31
917,0.0008312747737773663,0.009863106448235945,27
918,0.0008294612354653359,0.011927451108649758,28
492,0.0008279948052071314,0.02839919080894668,30
485,0.0008267956499550635,0.01526938904742485,30
225,0.0008257527464170467,0.01885476231951949,30
299,0.000823490018635759,0.009919147062018647,25
291,0.0008210224383394924,0.018132430999314355,29
446,0.0008200226958445206,0.010966561494889083,27
572,0.0008196182311187323,0.017079805596950402,26
346,0.0008192773527044117,0.019605688617784094,29
547,0.0008174470715347293,0.01460355575986095,30
347,0.0008161552060477485,0.012371256077169733,26
193,0.0008159276805941208,0.014025196975024622,28
699,0.0008158630790019926,0.005178956309804617,26
847,0.000815805704342903,0.012019809935938108,29
349,0.0008140541220083462,0.00990693187728325,24
908,0.0008132758418219455,0.00978578563577799,28
698,0.0008129849494553559,0.014097216164648825,29
97,0.0008128601730731699,0.00911119369965748,25
590,0.0008109451590731937,0.013821767253085504,29
823,0.0008054077124606486,0.004551418512667778,25
665,0.0008049891472976943,0.0226352661882144,29
470,0.0008005229014049496,0.011318252222918884,26
756,0.0007969541726028043,0.014488139902339508,26
248,0.0007961006267676923,0.011978157908400176,26
900,0.0007952309337975399,0.014841898930971664,27
681,0.0007943333107850301,0.012428745867822766,24
832,0.0007902219513070206,0.01380838482305127,27
502,0.0007881149533128487,0.005450086386676109,25
826,0.0007878398679147595,0.012978212489981182,27
244,0.000785967972677829,0.016279406801341108,28
602,0.0007846932173565135,0.010029453233123906,26
98,0.000782512653564083,0.013166228373292371,25
720,0.0007812997469007322,0.005463933038187526,25
102,0.0007784026697180757,0.010016084407386763,23
217,0.0007777531220298181,0.014363740345713479,24
913,0.0007762745004047543,0.0060849029984192966,21
230,0.0007759232849597492,0.02430847760164207,23
442,0.0007756299481723484,0.013742397417040681,28
511,0.0007755793805898228,0.009809248950774212,24
136,0.0007754955536937411,0.01859682714381136,29
922,0.0007719431336197601,0.008243394534837635,25
378,0.0007715869805611752,0.010498314738522004,26
521,0.0007714702013049339,0.0073229837646428255,16
976,0.0007691146632656758,0.010344703868878199,27
981,0.0007691146632656758,0.010344703868878199,27
433,0.0007648037749105028,0.013576025681192433,25
638,0.0007641692022613822,0.014074479470145307,26
496,0.0007630739244498442,0.011046964538823168,25
550,0.0007609080386207769,0.02675398733654782,27
545,0.0007582467037165598,0.013698674546205556,25
294,0.000757832858126545,0.01323071808140452,25
235,0.0007528320742794326,0.012552302846259444,24
641,0.0007474457300531563,0.017331867761529004,20
77,0.0007462678083691388,0.022907664691848482,25
523,0.0007423419468523954,0.007321136072774544,19
586,0.0007422252949652784,0.017754573390930804,25
192,0.0007408747650108564,0.009130077971810955,23
566,0.0007387302232869218,0.004080493310048695,22
331,0.000731488933017125,0.011730284997318614,24
563,0.0007299041890427785,0.011166207353061515,21
385,0.0007285938413959861,0.01066203923047686,24
274,0.0007269932389004243,0.011528541849763617,23
519,0.0007265876937258465,0.011582431066520767,23
307,0.0007261922735409971,0.010143282385147544,24
892,0.0007245633330476382,0.016043241004097573,23
317,0.0007241946926386603,0.01045909423621527,24
851,0.0007241063020116846,0.0039593266661461304,16
714,0.0007233390835989672,0.017347625448356503,25
435,0.000722961162166589,0.006463142728719983,16
666,0.0007209671234348098,0.013897181977009872,24
949,0.0007207129731863989,0.012211826030959941,25
860,0.0007204266876696318,0.010187758725988798,24
277,0.000717489255266772,0.010390801526184778,23
431,0.0007166273469275307,0.01905467002401135,25
516,0.000714300954343181,0.005778898013310314,15
589,0.0007112243196968838,0.024541269937109658,26
467,0.0007056981300056086,0.0228961061602087,24
374,0.0007043882297511039,0.006724537968678158,22
260,0.0007030300944864885,0.008857299454906958,23
287,0.0007023534966655439,0.015107754055863796,22
241,0.0007010051333780146,0.008763952601931179,23
500,0.0006973670074574386,0.004454272971163103,21
579,0.0006973647642060294,0.007091433743563927,22
816,0.0006957422051075417,0.009609855550211682,23
76,0.0006946549622496241,0.010912966452028288,24
588,0.000694372314244062,0.011498224245495034,24
822,0.0006929830551181325,0.010301655090873985,22
334,0.0006890366388671053,0.004930925975228167,21
78,0.0006880197373551105,0.021800910290196124,23
302,0.0006832307078804527,0.01891351182749579,24
344,0.0006831890467242423,0.004219663773320837,19
392,0.0006790984405077657,0.008761871997957655,22
570,0.0006771296940087503,0.003687147384702066,21
484,0.0006759893462515709,0.015013332895424409,22
293,0.0006755878270427276,0.008259406266725498,22
510,0.0006743061169235611,0.00764825040746255,22
343,0.0006706755225196205,0.015704555496484265,22
391,0.000667642212069086,0.006235284807526112,21
551,0.0006672478109630434,0.01456049366576188,20
765,0.000666474905297049,0.008411785049631821,20
914,0.0006661216144770137,0.012951159115545745,23
240,0.0006652776265439345,0.011825971905490727,22
541,0.0006652068400613264,0.017321917529341556,22
148,0.0006648316871566518,0.009228054332280997,20
468,0.0006642531333684462,0.016066436214778768,21
228,0.0006637568310130002,0.01672798891865641,22
491,0.000662488789754696,0.007388261425599543,21
753,0.0006591469651639413,0.009209624801901106,21
674,0.0006547452750862713,0.004059394960603299,20
708,0.0006536548943231904,0.011203872697219695,20
112,0.0006527746099817399,0.00801896732291453,21
328,0.0006518760819906313,0.009692324147858646,21
733,0.0006508100924189613,0.004484409220061727,15
324,0.0006498660739939554,0.007838329371118148,19
75,0.0006460203223067993,0.009577431123571485,22
267,0.0006457119334412445,0.003586030442704361,20
297,0.0006446852507831672,0.007566523211439861,19
690,0.0006422604449979307,0.017898655285288133,22
990,0.0006411635537750934,0.00990089096056292,20
573,0.0006397504765807769,0.010493228680567453,21
640,0.0006370116404124195,0.007118995230500821,19
257,0.0006363490986174458,0.009028877809749767,19
710,0.0006351823366625845,0.00804627863508702,20
803,0.0006301695889468079,0.009264860654085714,20
246,0.0006297979669808173,0.004524093351990768,19
662,0.0006249266847325526,0.014393547021830596,20
487,0.0006237736475199915,0.002779238511418014,17
621,0.000623617726276127,0.008802204657834994,17
577,0.0006219817263259006,0.011911337331141744,13
403,0.0006214418795911672,0.009873881487923453,20
723,0.0006207843442822257,0.0034975241232627565,14
532,0.0006187519458053324,0.012937290031851536,21
117,0.0006173318977627064,0.015777702568900914,20
933,0.0006088653524445753,0.00435316865615568,18
571,0.0006083226773125612,0.015415341454591705,20
679,0.0006080050472532763,0.010456382275970042,20
728,0.0006076172647321398,0.0076281004627843,16
469,0.0006055772295335665,0.009491072276222413,19
227,0.0006049042740312904,0.012472010156106918,20
663,0.0006008494188283024,0.012136026865811163,20
313,0.0005948817702352749,0.007187981549687126,19
120,0.0005935303501238397,0.008863892204176292,19
542,0.0005919968185230468,0.010622936021606267,18
71,0.0005915020286111041,0.008812155162406783,18
651,0.0005907420863324046,0.01142771227609564,19
642,0.0005907095106520792,0.021976370161535166,21
247,0.0005893759843207541,0.003717055609866369,17
399,0.0005869339012092993,0.011846464159174796,18
726,0.0005863438897618074,0.018649788456871815,20
576,0.000581218077620984,0.01897604910502636,19
953,0.000579920817861645,0.00560244396623806,16
610,0.0005794115383723329,0.01066963865550012,18
597,0.0005785748358670773,0.012263233915140314,18
907,0.0005784190779169567,0.0035535515206980453,14
931,0.0005772935521172217,0.005757295485852919,17
697,0.0005771734045392333,0.0014710754562496041,8
605,0.0005749335781382824,8.181914412108832e-05,4
768,0.0005735202573976196,0.005590825491184349,15
815,0.0005729604495724049,0.009838017087995797,19
70,0.000572774690086052,0.014216731619722011,18
930,0.000570654405833758,0.0043164799048721805,16
719,0.0005702381150569543,0.006212549542283012,15
810,0.0005688892841007585,0.009696238974453182,17
219,0.000568413388988054,0.012593964527783537,18
527,0.0005677274023967989,0.011186096401360974,19
925,0.0005673948512490141,0.008492972578762976,19
557,0.0005661182574311769,0.013727621399204004,18
298,0.0005653423065133005,0.009541143202287541,16
497,0.000563871344877596,0.00895029241497008,17
840,0.0005617145572879324,0.010876006204917079,18
618,0.0005589355292671355,0.003957199344417355,15
582,0.0005562999751161182,0.013020697835223052,18
50,0.0005520335839101981,0.00830512866507006,17
517,0.0005503285764501243,0.005777927573696566,14
465,0.0005502853418503592,0.006850330522074558,17
555,0.0005424653266824641,0.0074744214086819,16
613,0.0005415230852628557,0.002865562482452295,13
384,0.0005408656511696013,0.007657636975893102,16
644,0.0005396890613603357,0.01085584246686427,17
220,0.0005384738762979238,0.012482214284236647,18
717,0.0005281980950913566,0.00716384349049908,11
635,0.000523435031565278,0.006144926102989883,11
678,0.0005232559191503013,0.005552634359325777,16
956,0.0005222924751513955,0.006565757909171159,15
926,0.0005190610999701987,0.0057429460578803495,15
706,0.0005163247120070377,0.005016866931177213,12
587,0.0005147607874228105,0.00755269245247587,16
627,0.0005146022498046875,0.009965228001484397,16
554,0.0005131011236667758,0.005279799933745602,13
49,0.0005084107263135229,0.006913803913610438,15
929,0.000507340480485618,0.0029453065907889017,14
43,0.0005070814711271429,0.0023900355988204732,14
501,0.0005058572493316747,0.005588589914393047,14
396,0.0005021713322911912,0.004969483879539589,14
22,0.0004991589881118159,0.007635666003827794,15
119,0.0004975217660020453,0.006571031558187821,14
672,0.0004972992092537793,0.008416567758520305,15
451,0.0004967678740973411,0.0030857101505536713,13
599,0.0004953230304142535,0.00796930672556137,14
270,0.00049443405520556,0.012919929889393472,15
505,0.0004930376500035286,0.004852048439090668,13
734,0.0004928200476905908,0.008741801623190657,14
645,0.0004924019591764786,0.0009219227116662135,7
72,0.0004913870184447056,0.004509285493474555,8
758,0.0004908723028840215,0.007597217706673811,15
471,0.0004907798335688665,0.011299276708910838,14
536,0.0004868130735598859,0.009625966863542413,14
224,0.00048646944060193147,0.00958934963099621,15
846,0.00048269050224158944,1.074766986411158e-06,3
558,0.0004788504078460124,0.0023637441937116037,12
927,0.00047803243051655256,0.0034291122580075188,13
585,0.0004761153330244388,0.005953836179698495,13
144,0.0004726983030261486,0.01260093651921148,15
623,0.0004725523025162189,0.005510930808272667,12
565,0.0004700223939017334,0.002912281059422564,12
341,0.00046872206970125294,0.005554232186166442,13
643,0.00046753692655909714,0.007654222698438392,13
980,0.0004674081504021703,0.0058469372478820525,12
804,0.0004662179627496957,0.0024969719692585404,12
872,0.00046466509535422827,0.005210540342432884,13
664,0.00046453333868353585,0.006915699071620085,13
538,0.00046432550638666564,0.00270917563363137,11
647,0.0004640751560914056,0.012029220295147513,14
600,0.000462950934244814,0.006239957976301984,13
730,0.00045981949321972015,0.01413144047127723,14
477,0.0004588877010138802,0.005005014483171113,13
503,0.0004581658023667416,0.0029625387215837,12
818,0.0004580793747775618,0.011467856406688933,13
656,0.0004541775884244889,0.0024401587770644544,11
354,0.00045399128298785526,0.003652499082128851,12
649,0.00044756301120311515,0.005114263886879899,12
725,0.0004404928882565344,0.008019661177394393,13
575,0.00044046850482055045,0.004660507188711453,11
553,0.0004361047915240424,0.0040567507942043095,10
488,0.0004351201186344584,0.00304081862934812,11
797,0.00043478201872297503,0.0017555370645387135,7
919,0.00043419406425505977,0.005978672627085683,13
528,0.00043276184842758674,0.005410742670636835,12
514,0.0004308859281924697,0.005240593713869551,12
789,0.00042902478190946254,0.006398100599890106,11
951,0.0004286585826835257,0.0021940952579233026,11
712,0.00042842370199609086,0.001924048741875625,4
987,0.00042823444999635696,0.0071182203050950375,12
535,0.00042585115131127453,0.004466356778412991,10
415,0.000423111530961124,0.0014930465350967191,4
319,0.0004205358055241927,0.007431017612699437,12
786,0.00042017251514032614,0.0061852601269288794,11
110,0.0004198545097844308,0.005728747681802344,11
624,0.00041924753659919626,0.006861301404494908,11
921,0.0004163671038526244,0.005901273014421995,11
924,0.00041574265926931506,0.006977995351483992,11
479,0.0004138163546801255,0.0006754901158724107,6
957,0.0004137828247499423,0.0021340581775525815,10
559,0.0004105945517507706,0.008948931873536518,10
276,0.00041057179533718726,0.004216366296237833,11
530,0.00040927798390314867,0.005035585628978075,10
886,0.00040876222941688784,0.00593474711725036,11
330,0.00040868544774046276,0.003929378300070305,11
239,0.00040545815207704126,0.006991549629172302,11
175,0.00040441003110363606,0.006784422292069425,11
841,0.0004037870029537126,0.0014374176141531741,9
883,0.00040334688567730326,0.005614852913468293,12
369,0.00040058525863549314,0.006208362953545838,8
598,0.0003997111636570773,0.003988333624405113,9
402,0.00039929250146556556,0.004882125558893116,10
852,0.00039828986892702074,0.0009332875523198303,6
567,0.00039812144225453164,0.0029432960705206633,6
1001,0.00039754350149616587,0.003837701277879944,10
410,0.0003971571233089777,0.01264483840464791,11
865,0.0003941784048907381,0.005033736869440452,11
686,0.0003936066115857338,0.007057804314008371,10
694,0.000391242279971632,0.004729073654316835,9
947,0.0003903505166025792,0.0031729870397367364,10
923,0.000389515320253522,0.0005744202305209504,6
540,0.0003863714220732739,0.00788994253603887,9
905,0.0003820727475934705,0.003198187406991521,10
556,0.0003795906631856279,0.004266620464639365,10
745,0.0003794322559750929,0.004214426699311743,9
683,0.000377266588726297,0.00525222018940772,10
937,0.0003750816033587475,0.0031476424404782545,9
614,0.0003690339671878311,0.0015651108269465,6
764,0.00036801812683333383,0.005037390299507115,9
67,0.0003668482757610269,0.007164523568067365,9
696,0.0003658347188952326,0.004259077426955452,9
279,0.0003654466848347623,0.011506344686880407,10
669,0.00036487090670978754,0.0030995022688084543,8
955,0.00036237792740188347,0.0036475059609834292,9
705,0.0003607086446198557,0.005869254142190489,9
591,0.0003602652128474475,0.011016618417019806,10
454,0.0003595398136151467,0.011212251256854502,9
111,0.00035888309953954626,0.0037590285580566376,8
289,0.0003588620401942293,0.0036390321627906975,8
729,0.0003567219794114543,0.003407886520720735,8
877,0.0003534249785027531,0.008677681909684086,9
619,0.0003526759266875304,0.004593341958891572,8
364,0.0003507614249407731,0.008163517056046801,9
952,0.00035071187165533057,0.0034222798825685285,8
386,0.0003506114178881398,0.00410818918799672,8
799,0.00034774159910937977,0.005086523469103415,7
783,0.0003461967357192004,0.0073176657483223955,8
835,0.00034423062459420996,0.00308139198629135,7
539,0.0003439635792455314,0.005002839047663504,8
476,0.0003437041992565263,0.0048093312946786764,8
833,0.00034356678481380374,0.007030627883598145,9
628,0.0003435227301990584,0.0017822987306998325,8
315,0.0003419554420591381,0.003952265456447457,8
604,0.0003404475255130285,0.005593414448434165,8
788,0.0003400213759296791,9.404965067888625e-05,3
811,0.0003377515022437434,0.006071174387841436,8
735,0.0003349511191535063,0.00192269915921663,7
836,0.0003340168492796245,0.00036820606691639825,6
634,0.0003317395089696681,8.066933555445733e-05,3
817,0.00033062663669026864,0.001941960507573185,7
979,0.00032967724242782045,0.0029044522553534815,7
743,0.0003290025943525987,0.0002832166995482664,5
202,0.00032762567921482296,0.0034559210611422335,7
742,0.0003268816857189989,0.0023586358576487597,5
909,0.00032685303729341466,0.008855378536511159,8
432,0.00032670832266026015,0.004116369498566741,7
687,0.0003266962343880075,0.005996926879727226,7
849,0.0003262017411897446,0.0041415823767349605,8
472,0.0003261218065490594,0.0029828333948882903,7
771,0.00032517219745893536,0.007755310286948611,8
383,0.0003243527479106145,0.002130326346322514,7
825,0.00032274229108558196,0.0005823661732547416,4
887,0.00032178833442411057,0.0009780782461985284,5
741,0.0003210311285017216,0.0018213324919618304,7
869,0.0003208008146459888,0.0013378747815336561,6
463,0.00032074932895709393,0.0003233336530113482,3
791,0.00031953334158369036,0.0024791599144768305,6
639,0.0003194392229808392,0.0023457952030670596,7
507,0.0003191452898673333,0.0017736940320697728,7
806,0.00031847079483397333,0.0022617352189668025,7
885,0.00031825638253348644,0.003328790236962238,5
974,0.00031545505460683855,0.00466834705436272,7
958,0.00031471291119685135,0.0009507865582606233,3
757,0.00031376626674630684,0.0011815899347883277,5
652,0.0003125662494287057,0.004923477329682733,7
616,0.00031184531068513327,0.0025429658813452926,6
766,0.0003108212340832326,0.0012798118289743434,5
617,0.00031065871279918595,0.0017126475779720145,6
596,0.0003104971229650975,0.003751726359553354,7
751,0.0003084854955250365,0.005309960204062385,7
659,0.00030820664139734143,0.0006892321216343875,3
721,0.0003071101454981788,0.0026091832425899114,7
793,0.0003069007961828265,0.0011357579137459817,5
802,0.00030644744454355556,0.004952717645095652,7
884,0.00030540011523881886,0.00047221087950480604,3
784,0.0003053288967946132,0.0007286114983647582,3
954,0.0003034729797003834,0.007661181793903752,7
716,0.00030318376621263804,0.001043235654531746,3
763,0.00030318376621263804,0.001043235654531746,3
736,0.0003028793655210003,0.008461400982658861,7
632,0.0003028353894058575,0.0005272039158330447,5
854,0.00030239159100299876,0.007993595446207237,7
673,0.00030208167914719074,0.0008102642949295708,3
636,0.00030187459488561775,0.0012820458380257446,3
737,0.000301141826444306,0.000572245187129432,3
800,0.000300502556286869,0.0028948048469942824,6
704,0.0002994827796023526,0.0018362900676060004,3
837,0.0002994827796023526,0.0018362900676060004,3
935,0.00029945930091558685,0.0010155941034755724,5
773,0.00029943055456027736,0.0012116423487097266,3
890,0.0002987130128333821,0.0019484694587440033,3
992,0.0002982935863139095,0.0014299103658156206,3
630,0.0002982909845828043,0.001152718338570407,4
814,0.0002946349571199409,0.001604929751286264,5
945,0.0002940935109815428,0.0010403732183606323,5
1000,0.00029377091399383103,0.003197136921505531,6
807,0.00029318800476004,0.004518371263725909,6
739,0.0002922366356628344,0.004589425377724754,6
718,0.00029064039155231753,0.003769427264774784,6
625,0.0002899346382551174,0.004507867841041142,6
609,0.0002896779146979277,0.003486722125760961,6
970,0.0002887159696791958,0.00445772720836744,6
512,0.0002875956275999457,0.004335073702864513,6
715,0.0002867298905010451,0.0033519663681232633,5
767,0.0002859082897778008,0.007322568957845541,6
594,0.00028435647845888735,0.007674423150689127,6
898,0.0002835750490239007,0.0006807005358365452,4
977,0.00028236497194213356,0.0010488556602439366,4
689,0.0002823190588110804,0.0006395126584201227,4
646,0.0002818011646993348,0.002596589374221966,5
968,0.00028102559645144483,0.0009403799561788926,4
912,0.00027873864798409715,0.00114954434995184,5
637,0.00027873533048208674,0.0018747277975988163,5
967,0.0002786572432073866,0.001667895632613604,5
382,0.00027770617819869567,0.0024694339363904895,5
819,0.0002773651287588237,0.0012404787312481431,5
989,0.0002764717361465858,0.0012475876381684544,4
631,0.0002763445881082291,0.0010927690863072833,4
534,0.00027610833359746677,0.0028736723931405417,5
778,0.0002748944242153614,0.003360498446467508,5
620,0.000273441946950846,0.002300663850398531,4
906,0.0002722231229673526,0.004787110970138089,5
978,0.0002716646285579377,0.002725376941900082,5
456,0.0002706446906765794,0.0023923596044195103,4
855,0.00026927708285239736,0.00359746973275517,5
962,0.00026775883600044427,0.00024405081709772409,2
749,0.00026714728833777566,0.0036874069716309192,5
964,0.00026609418010097464,0.002137851611222018,5
752,0.0002658646609141215,0.0065224842110814555,5
109,0.0002618419845450264,0.0047214895010494985,5
916,0.00026112996874959625,7.732285386216874e-06,1
603,0.00026112996874959625,7.732285386216874e-06,1
449,0.00026112996874959625,7.732285386216874e-06,1
574,0.00025899702076443375,0.0022127590728088942,4
805,0.0002587047584719193,0.0014103860454628182,4
693,0.0002576536850875514,0.00743939363415852,5
676,0.00025639798737015743,0.002538523276669536,4
348,0.0002563520022772093,0.0017198969407714382,4
760,0.00025596352037391925,0.0014677808403559915,4
398,0.00025386002484875463,0.001788766115067717,4
829,0.0002537566382512442,0.0019188699285744427,4
867,0.00025332304140115904,0.002721608413577455,4
584,0.00025178842385040646,0.0026950609732651525,4
629,0.0002510083004033126,0.001135586897180832,4
796,0.00024920120015323145,0.003796476612466689,4
903,0.0002466913124778657,0.0006379783380684053,3
934,0.00024534521193288715,0.0023500422988493976,4
857,0.0002450645771258757,0.004862474991159236,4
889,0.00024401864727975137,0.002832194124634668,4
991,0.00024377904497072074,0.002075299069934888,4
740,0.0002437426235829535,0.0037606629330549693,4
722,0.00024248970248407612,0.002290094344126436,4
727,0.00024180510566842583,0.002994392579399171,4
843,0.000241326743105714,0.0008548377873371033,2
785,0.00024109796101479494,0.0025322107273058883,4
995,0.00024095036690708807,2.4931009601580194e-05,1
878,0.0002407482461244957,0.0019163076480433728,4
781,0.00023923064999076374,0.000491525244863584,3
870,0.00023740830433701505,0.0011044275888812292,3
874,0.00023740830433701505,0.0011044275888812292,3
682,0.00023662246970881074,0.0007270238803691586,3
522,0.00023649940896194432,0.001051061366764029,3
939,0.00023528530567298484,0.0007919070073936612,3
709,0.00023389638213685727,0.001192350765047098,3
769,0.0002320243995125127,0.0036324014350412924,3
416,0.00023010651273601044,0.0014880735286289264,3
997,0.00022980559593683544,0.0007234465216099064,3
986,0.0002251524094419898,0.0012903639794838875,3
782,0.00022248659073777037,0.0030333108480573834,3
779,0.00022218686648380645,0.001836681963754315,3
713,0.00022214345206693722,0.002095205408385195,3
866,0.00022093315618315257,0.002272087886471473,3
920,0.00022023311236562298,0.0003987396986338006,2
844,0.0002198289183203688,0.0022467390604647185,3
984,0.0002197065439346931,0.002147056190621134,3
911,0.0002192109565638345,0.002288899366761398,3
848,0.00021872423072570086,0.0022599852764578865,3
439,0.0002168592415179903,0.0026915698373911868,3
895,0.00021604673507964061,0.003098257878695961,3
436,0.00021548702341909977,0.0021642865781709274,3
942,0.000214343741640517,0.0004000344583524031,2
983,0.00021398512806932428,0.0033109459177844557,3
794,0.00021080911436367376,0.0001877887621544375,2
873,0.00021039924405759374,0.0005880388226139951,2
972,0.00020743760512101608,0.0005298580444969151,2
839,0.0002059567996735335,0.001119130462299522,2
692,0.0002037715355950982,0.0005839679798666844,2
893,0.00020334683885521123,0.0005592337990535889,2
524,0.00020152703888457488,5.8427760603331465e-05,1
988,0.00020142994903496277,0.0009502750526204056,2
838,0.0002002095328675717,0.0006546501245957526,2
868,0.00019996730010420874,0.001295975394097297,2
891,0.00019975641431629448,0.0014038297211182481,2
969,0.00019896319181080378,0.0012506583722990837,2
966,0.00019773394762628724,0.0018050512337049076,2
850,0.00019713602621936806,0.0012630465935876266,2
842,0.00019705355278917163,0.0020995380449883192,2
821,0.00019612036601115502,0.0027501573818669092,2
475,0.00019595542182572598,0.001301540747459087,2
677,0.00019486577514640432,0.0020086779708516763,2
759,0.00019448974717120734,0.0024662375791643454,2
724,0.00019433604956763405,0.0027306618618672643,2
882,0.00019351453519706922,0.003578825509677896,2
702,0.00019303253709653068,0.0027929728522870915,2
801,0.00019301777498176368,0.0020218646801216673,2
762,0.0001927114375103742,7.488504847030611e-05,1
940,0.00019269754152524416,0.0020290076188091855,2
583,0.0001903045930424168,9.489447672221153e-05,1
578,0.00018992278081041633,0.00015434468555166163,1
862,0.00018575406684110846,0.00010842362288205983,1
561,0.00018370948991795747,0.00031914429843533395,1
701,0.00018370948991795747,0.00031914429843533395,1
861,0.0001836952899324063,0.00010239849864555603,1
595,0.0001829769576950094,0.00012585498599969872,1
946,0.0001826787675321115,0.00022458190705708776,1
965,0.00018248267612528096,0.00012268087196487054,1
948,0.00017959187888726716,0.00014196121762672967,1
894,0.00017958280434567052,0.0003089985347660992,1
770,0.00017901004856629645,0.0003426013117218671,1
790,0.00017883263661123028,0.00032375184124627983,1
879,0.00017869539458356594,0.00028992106746588586,1
938,0.00017860579373780332,0.0002566947925567563,1
824,0.0001785346003843166,0.00043883241319569023,1
750,0.00017791476132877259,0.0002869887736770273,1
830,0.00017743750401491435,0.00014201829900107617,1
688,0.00017721076713607753,0.00035575862024169385,1
871,0.0001771981074052937,0.0003162605043523702,1
975,0.0001771389189673768,0.0003488125413207144,1
973,0.0001771389189673768,0.0003488125413207144,1
680,0.00017702956569222393,0.00019849275661010617,1
944,0.00017697297284773196,0.0003806413717604513,1
876,0.0001769414661218564,0.00024266875856566116,1
831,0.0001768950135218629,0.0004668434343808269,1
1003,0.0001768950135218629,0.0004668434343808269,1
985,0.00017671010420096844,0.0002600222405796225,1
959,0.00017667593063250048,0.0006802980491038319,1
960,0.00017667593063250048,0.0006802980491038319,1
961,0.00017667593063250048,0.0006802980491038319,1
1002,0.00017629611124614304,0.00034206762279657824,1
775,0.00017629611124614304,0.00034206762279657824,1
998,0.0001762627916227049,0.000516388766267234,1
910,0.0001762627916227049,0.000516388766267234,1
904,0.0001761292635551375,0.000255180877594446,1
622,0.0001759391384411037,0.00025444111666525894,1
858,0.00017576256264600627,0.00047149002094287084,1
668,0.00017532451821443594,0.00033362891632426217,1
1004,0.00017518677880366538,0.0003379662974329411,1
888,0.00017512838117682373,0.00046609210810007656,1
864,0.00017506488551893932,0.0007191701828706424,1
941,0.00017501998437605983,0.0005311840999585567,1
996,0.00017484150593384044,0.00038525316522197397,1
943,0.00017481739230931802,0.0005059304367875475,1
993,0.00017465689321047304,0.0003806779419730752,1
915,0.00017457574403557228,0.0002785139445699438,1
827,0.00017437871893218897,0.00045325211692941013,1
863,0.00017390545878676576,0.0004354636139505407,1
902,0.00017384437276503093,0.0010297164156118325,1
780,0.00017345772816266478,0.0008615472767624787,1
982,0.0001733660155642908,0.0007883995028868894,1
901,0.0001733660155642908,0.0007883995028868894,1
606,0.00017327806957523865,0.0007997653072160183,1
881,0.00017315412591680093,0.000834104215506408,1
928,0.00017315315821565428,0.0012654338294819114,1
755,0.00017315315821565428,0.0012654338294819114,1
761,0.00017309988469322457,0.000680667821322772,1
795,0.00017295481552961244,0.0004993372615200424,1
774,0.00017283842465086674,0.0007488856892045771,1
899,0.00017280575972832235,0.0006880216269028668,1
994,0.000172716427454258,0.0006558710035362135,1
657,0.0001726143272339352,0.0007891736513535635,1
897,0.00017256318534730283,0.0005710937532725096,1
650,0.0001724224455984185,0.0007200090129955371,1
999,0.00017225464679716945,0.0007937416551608401,1
787,0.000171967694593511,0.0012738671337463512,1
834,0.00017180523560859652,0.0018124960741818135,1
875,0.0001714529536862932,0.0008650028527287954,1
792,0.00017138165747619322,0.0019232219235692412,1
853,0.0001713389764069495,0.001882168859542529,1
626,0.0001708117803341281,0.0013659696288320301,1
